   1.0000000000000000       ,     15.771781797673230     
   2.0000000000000000       ,     3.9429454494183074     
   3.0000000000000004       ,     1.7524201997414766     
   4.0000000000000000       ,    0.98573636235457684     
   5.0000000000000000       ,    0.63087127190692882     
   6.0000000000000000       ,    0.43810504993536975     
   7.0000000000000000       ,    0.32187309791169838     
   8.0000000000000000       ,    0.24643409058864421     
   9.0000000000000018       ,    0.19471335552683122     
   10.000000000000002       ,    0.15771781797673190     
   11.000000000000002       ,    0.13034530411300449     
   12.000000000000004       ,    0.10952626248384228     
   13.000000000000004       ,     9.3324152648954023E-002
   14.000000000000005       ,     8.0468274477924429E-002
   15.000000000000005       ,     7.0096807989659074E-002
   16.000000000000004       ,     6.1608522647161275E-002
   17.000000000000004       ,     5.4573639438315946E-002
   18.000000000000004       ,     4.8678338881707806E-002
   19.000000000000000       ,     4.3689146253942698E-002
   20.000000000000000       ,     3.9429454494183051E-002
   21.000000000000000       ,     3.5763677545744652E-002
   22.000000000000000       ,     3.2586326028251129E-002
   22.999999999999996       ,     2.9814332320743504E-002
   23.999999999999996       ,     2.7381565620960592E-002
   24.999999999999996       ,     2.5234850876277134E-002
   25.999999999999993       ,     2.3331038162238561E-002
   26.999999999999993       ,     2.1634817280759132E-002
   27.999999999999993       ,     2.0117068619481104E-002
   28.999999999999993       ,     1.8753604991288201E-002
   29.999999999999989       ,     1.7524201997414807E-002
   30.999999999999993       ,     1.6411843702053557E-002
   31.999999999999996       ,     1.5402130661790279E-002
   33.000000000000000       ,     1.4482811568111126E-002
   34.000000000000000       ,     1.3643409859578985E-002
   35.000000000000000       ,     1.2874923916468002E-002
   36.000000000000007       ,     1.2169584720426951E-002
   37.000000000000007       ,     1.1520658727299713E-002
   38.000000000000007       ,     1.0922286563485649E-002
   39.000000000000014       ,     1.0369350294328181E-002
   40.000000000000014       ,     9.8573636235457524E-003
   41.000000000000014       ,     9.3823806053974709E-003
   42.000000000000021       ,     8.9409193864361525E-003
   43.000000000000021       ,     8.5298982139930674E-003
   44.000000000000021       ,     8.1465815070627806E-003
   45.000000000000028       ,     7.7885342210731734E-003
   46.000000000000028       ,     7.4535830801858455E-003
   47.000000000000028       ,     7.1397835209023501E-003
   48.000000000000036       ,     6.8453914052401489E-003
   49.000000000000036       ,     6.5688387328918631E-003
   50.000000000000036       ,     6.3087127190692947E-003
   51.000000000000043       ,     6.0637377153684177E-003
   52.000000000000043       ,     5.8327595405596074E-003
   53.000000000000043       ,     5.6147318610442138E-003
   54.000000000000050       ,     5.4087043201897700E-003
   55.000000000000050       ,     5.2138121645200920E-003
   56.000000000000050       ,     5.0292671548702837E-003
   57.000000000000057       ,     4.8543495837713490E-003
   58.000000000000057       ,     4.6884012478220121E-003
   59.000000000000057       ,     4.5308192466742697E-003
   60.000000000000064       ,     4.3810504993536765E-003
   61.000000000000057       ,     4.2385868846205868E-003
   62.000000000000050       ,     4.1029609255133822E-003
   63.000000000000050       ,     3.9737419495271091E-003
   64.000000000000043       ,     3.8505326654475732E-003
   65.000000000000043       ,     3.7329661059581449E-003
   66.000000000000028       ,     3.6207028920277940E-003
   67.000000000000028       ,     3.5134287809474711E-003
   68.000000000000028       ,     3.4108524648947401E-003
   69.000000000000028       ,     3.3127035911937317E-003
   70.000000000000014       ,     3.2187309791170010E-003
   71.000000000000014       ,     3.1287010112424265E-003
   72.000000000000014       ,     3.0423961801067378E-003
   73.000000000000000       ,     2.9596137732544898E-003
   74.000000000000000       ,     2.8801646818249257E-003
   75.000000000000000       ,     2.8038723195863407E-003
   75.999999999999986       ,     2.7305716408714234E-003
   76.999999999999986       ,     2.6601082472041352E-003
   77.999999999999986       ,     2.5923375735820470E-003
   78.999999999999986       ,     2.5271241463985330E-003
   79.999999999999972       ,     2.4643409058864394E-003
   80.999999999999972       ,     2.4038685867509928E-003
   81.999999999999972       ,     2.3455951513493721E-003
   82.999999999999957       ,     2.2894152703836703E-003
   83.999999999999957       ,     2.2352298466090468E-003
   84.999999999999957       ,     2.1829455775326423E-003
   85.999999999999943       ,     2.1324745534982733E-003
   86.999999999999943       ,     2.0837338879209082E-003
   87.999999999999943       ,     2.0366453767657082E-003
   88.999999999999943       ,     1.9911351846576596E-003
   89.999999999999929       ,     1.9471335552682973E-003
   90.999999999999929       ,     1.9045745438562025E-003
   91.999999999999929       ,     1.8633957700464644E-003
   92.999999999999915       ,     1.8235381891170232E-003
   93.999999999999915       ,     1.7849458802255943E-003
   94.999999999999915       ,     1.7475658501576992E-003
   95.999999999999901       ,     1.7113478513100448E-003
   96.999999999999901       ,     1.6762442127402949E-003
   97.999999999999901       ,     1.6422096832229669E-003
   98.999999999999901       ,     1.6092012853457017E-003
   99.999999999999886       ,     1.5771781797673295E-003
   100.99999999999989       ,     1.5461015388367008E-003
   101.99999999999989       ,     1.5159344288421101E-003
   102.99999999999987       ,     1.4866417002237038E-003
   103.99999999999987       ,     1.4581898851399053E-003
   104.99999999999987       ,     1.4305471018297787E-003
   105.99999999999986       ,     1.4036829652610586E-003
   106.99999999999986       ,     1.3775685035962470E-003
   107.99999999999986       ,     1.3521760800474496E-003
   108.99999999999986       ,     1.3274793197267346E-003
   109.99999999999984       ,     1.3034530411300275E-003
   110.99999999999984       ,     1.2800731919221855E-003
   111.99999999999984       ,     1.2573167887175692E-003
   112.99999999999983       ,     1.2351618605743033E-003
   113.99999999999983       ,     1.2135873959428450E-003
   114.99999999999983       ,     1.1925732928297480E-003
   115.99999999999982       ,     1.1721003119555145E-003
   116.99999999999982       ,     1.1521500327031360E-003
   117.99999999999982       ,     1.1327048116685748E-003
   118.99999999999982       ,     1.1137477436391069E-003
   119.99999999999980       ,     1.0952626248384200E-003
   120.99999999999980       ,     1.0772339182892712E-003
   121.99999999999980       ,     1.0596467211551512E-003
   122.99999999999979       ,     1.0424867339330721E-003
   123.99999999999979       ,     1.0257402313783479E-003
   124.99999999999979       ,     1.0093940350511036E-003
   125.99999999999977       ,     9.9343548738178140E-004
   126.99999999999977       ,     9.7785242716060049E-004
   127.99999999999977       ,     9.6263316636189579E-004
   128.99999999999977       ,     9.4776646822145245E-004
   129.99999999999977       ,     9.3324152648953872E-004
   130.99999999999974       ,     9.1904794578830649E-004
   131.99999999999974       ,     9.0517572300694753E-004
   132.99999999999974       ,     8.9161522967229811E-004
   133.99999999999974       ,     8.7835719523687438E-004
   134.99999999999974       ,     8.6539269123036069E-004
   135.99999999999974       ,     8.5271311622368753E-004
   136.99999999999974       ,     8.4031018155859242E-004
   137.99999999999972       ,     8.2817589779843456E-004
   138.99999999999972       ,     8.1630256185877259E-004
   139.99999999999972       ,     8.0468274477925382E-004
   140.99999999999972       ,     7.9330928010026109E-004
   141.99999999999972       ,     7.8217525281061399E-004
   142.99999999999972       ,     7.7127398883433120E-004
   143.99999999999969       ,     7.6059904502668674E-004
   144.99999999999969       ,     7.5014419965152318E-004
   145.99999999999969       ,     7.3990344331362667E-004
   146.99999999999969       ,     7.2987097032131730E-004
   147.99999999999969       ,     7.2004117045623294E-004
   148.99999999999969       ,     7.1040862112847639E-004
   149.99999999999969       ,     7.0096807989659092E-004
   150.99999999999966       ,     6.9171447733316102E-004
   151.99999999999966       ,     6.8264291021785802E-004
   152.99999999999966       ,     6.7374863504094317E-004
   153.99999999999966       ,     6.6502706180103716E-004
   154.99999999999966       ,     6.5647374808213181E-004
   155.99999999999966       ,     6.4808439339551186E-004
   156.99999999999966       ,     6.3985483377310723E-004
   157.99999999999963       ,     6.3178103659963293E-004
   158.99999999999963       ,     6.2385909567157932E-004
   159.99999999999963       ,     6.1608522647161180E-004
   160.99999999999963       ,     6.0845576164782450E-004
   161.99999999999963       ,     6.0096714668774864E-004
   162.99999999999963       ,     5.9361593577753687E-004
   163.99999999999960       ,     5.8639878783734421E-004
   164.99999999999960       ,     5.7931246272445338E-004
   165.99999999999960       ,     5.7235381759592082E-004
   166.99999999999960       ,     5.6551980342333253E-004
   167.99999999999960       ,     5.5880746165226213E-004
   168.99999999999960       ,     5.5221392099973684E-004
   169.99999999999960       ,     5.4573639438316220E-004
   170.99999999999957       ,     5.3937217597459436E-004
   171.99999999999957       ,     5.3311863837457040E-004
   172.99999999999957       ,     5.2697322989987737E-004
   173.99999999999957       ,     5.2093347198023095E-004
   174.99999999999957       ,     5.1499695665872564E-004
   175.99999999999957       ,     5.0916134419142563E-004
   176.99999999999957       ,     5.0342436074159451E-004
   177.99999999999955       ,     4.9778379616441696E-004
   178.99999999999955       ,     4.9223750187801297E-004
   179.99999999999955       ,     4.8678338881707583E-004
   180.99999999999955       ,     4.8141942546543921E-004
   181.99999999999955       ,     4.7614363596405420E-004
   182.99999999999955       ,     4.7095409829117917E-004
   183.99999999999952       ,     4.6584894251162033E-004
   184.99999999999952       ,     4.6082634909198639E-004
   185.99999999999952       ,     4.5588454727925651E-004
   186.99999999999952       ,     4.5102181353979805E-004
   187.99999999999952       ,     4.4623647005639873E-004
   188.99999999999952       ,     4.4152688328079386E-004
   189.99999999999952       ,     4.3689146253942637E-004
   190.99999999999949       ,     4.3232865869009444E-004
   191.99999999999949       ,     4.2783696282751212E-004
   192.99999999999949       ,     4.2341490503565861E-004
   193.99999999999949       ,     4.1906105318507443E-004
   194.99999999999949       ,     4.1477401177313295E-004
   195.99999999999949       ,     4.1055242080574329E-004
   196.99999999999949       ,     4.0639495471857972E-004
   197.99999999999946       ,     4.0230032133642477E-004
   198.99999999999946       ,     3.9826726086900121E-004
   199.99999999999946       ,     3.9429454494183336E-004
   200.99999999999946       ,     3.9038097566083149E-004
   201.99999999999946       ,     3.8652538470917541E-004
   202.99999999999946       ,     3.8272663247526818E-004
   203.99999999999943       ,     3.7898360721052801E-004
   204.99999999999943       ,     3.7529522421590218E-004
   205.99999999999943       ,     3.7166042505592568E-004
   206.99999999999943       ,     3.6807817679929806E-004
   207.99999999999943       ,     3.6454747128497784E-004
   208.99999999999943       ,     3.6106732441275140E-004
   209.99999999999943       ,     3.5763677545744456E-004
   210.99999999999940       ,     3.5425488640581396E-004
   211.99999999999940       ,     3.5092074131526542E-004
   212.99999999999940       ,     3.4763344569361057E-004
   213.99999999999940       ,     3.4439212589906174E-004
   214.99999999999940       ,     3.4119592855972968E-004
   215.99999999999940       ,     3.3804402001186393E-004
   216.99999999999937       ,     3.3493558575619346E-004
   217.99999999999937       ,     3.3186982993168402E-004
   218.99999999999937       ,     3.2884597480605659E-004
   219.99999999999937       ,     3.2586326028250781E-004
   220.99999999999937       ,     3.2292094342198851E-004
   221.99999999999937       ,     3.2001829798054788E-004
   222.99999999999937       ,     3.1715461396113637E-004
   223.99999999999935       ,     3.1432919717939393E-004
   224.99999999999935       ,     3.1154136884292764E-004
   225.99999999999935       ,     3.0879046514357625E-004
   226.99999999999935       ,     3.0607583686221803E-004
   227.99999999999935       ,     3.0339684898571180E-004
   228.99999999999935       ,     3.0075288033548642E-004
   229.99999999999935       ,     2.9814332320743820E-004
   230.99999999999932       ,     2.9556758302268411E-004
   231.99999999999932       ,     2.9302507798887890E-004
   232.99999999999932       ,     2.9051523877163661E-004
   233.99999999999932       ,     2.8803750817578470E-004
   234.99999999999932       ,     2.8559134083609255E-004
   235.99999999999932       ,     2.8317620291714484E-004
   236.99999999999929       ,     2.8079157182206015E-004
   237.99999999999929       ,     2.7843693590977775E-004
   238.99999999999932       ,     2.7611179422057375E-004
   239.99999999999935       ,     2.7381565620960581E-004
   240.99999999999937       ,     2.7154804148815063E-004
   241.99999999999937       ,     2.6930847957231828E-004
   242.99999999999940       ,     2.6709650963899721E-004
   243.99999999999943       ,     2.6491168028878841E-004
   244.99999999999946       ,     2.6275354931567721E-004
   245.99999999999949       ,     2.6062168348326900E-004
   246.99999999999949       ,     2.5851565830735569E-004
   247.99999999999952       ,     2.5643505784458698E-004
   248.99999999999955       ,     2.5437947448708179E-004
   249.99999999999957       ,     2.5234850876277589E-004
   250.99999999999957       ,     2.5034176914133716E-004
   251.99999999999960       ,     2.4835887184544584E-004
   252.99999999999963       ,     2.4639944066730225E-004
   253.99999999999966       ,     2.4446310679015077E-004
   254.99999999999969       ,     2.4254950861473418E-004
   255.99999999999969       ,     2.4065829159047400E-004
   256.99999999999972       ,     2.3878910805119141E-004
   257.99999999999972       ,     2.3694161705536176E-004
   258.99999999999977       ,     2.3511548423060628E-004
   259.99999999999977       ,     2.3331038162238411E-004
   260.99999999999983       ,     2.3152598754676556E-004
   261.99999999999983       ,     2.2976198644707632E-004
   262.99999999999983       ,     2.2801806875440039E-004
   263.99999999999989       ,     2.2629393075173688E-004
   264.99999999999989       ,     2.2458927444176730E-004
   265.99999999999994       ,     2.2290380741807388E-004
   266.99999999999994       ,     2.2123724273973697E-004
   267.99999999999994       ,     2.1958929880921746E-004
   269.00000000000000       ,     2.1795969925337281E-004
   270.00000000000000       ,     2.1634817280758963E-004
   271.00000000000006       ,     2.1475445320288784E-004
   272.00000000000006       ,     2.1317827905592166E-004
   273.00000000000006       ,     2.1161939376180286E-004
   274.00000000000011       ,     2.1007754538964694E-004
   275.00000000000011       ,     2.0855248658080359E-004
   276.00000000000011       ,     2.0704397444960831E-004
   277.00000000000017       ,     2.0555177048669023E-004
   278.00000000000017       ,     2.0407564046469144E-004
   279.00000000000023       ,     2.0261535434633627E-004
   280.00000000000023       ,     2.0117068619481180E-004
   281.00000000000023       ,     1.9974141408636133E-004
   282.00000000000028       ,     1.9832732002506394E-004
   283.00000000000028       ,     1.9692818985969589E-004
   284.00000000000034       ,     1.9554381320265174E-004
   285.00000000000034       ,     1.9417398335085486E-004
   286.00000000000034       ,     1.9281849720858090E-004
   287.00000000000040       ,     1.9147715521219312E-004
   288.00000000000040       ,     1.9014976125667000E-004
   289.00000000000045       ,     1.8883612262392865E-004
   290.00000000000045       ,     1.8753604991287966E-004
   291.00000000000045       ,     1.8624935697114222E-004
   292.00000000000051       ,     1.8497586082840496E-004
   293.00000000000051       ,     1.8371538163138972E-004
   294.00000000000057       ,     1.8246774258032632E-004
   295.00000000000057       ,     1.8123276986697188E-004
   296.00000000000057       ,     1.8001029261405723E-004
   297.00000000000063       ,     1.7880014281618995E-004
   298.00000000000063       ,     1.7760215528211723E-004
   299.00000000000063       ,     1.7641616757836252E-004
   300.00000000000068       ,     1.7524201997414578E-004
   301.00000000000068       ,     1.7407955538761282E-004
   302.00000000000074       ,     1.7292861933328912E-004
   303.00000000000074       ,     1.7178905987074485E-004
   304.00000000000074       ,     1.7066072755446242E-004
   305.00000000000080       ,     1.6954347538482330E-004
   306.00000000000080       ,     1.6843715876023436E-004
   307.00000000000085       ,     1.6734163543033096E-004
   308.00000000000085       ,     1.6625676545025723E-004
   309.00000000000085       ,     1.6518241113596633E-004
   310.00000000000091       ,     1.6411843702053211E-004
   311.00000000000091       ,     1.6306470981144894E-004
   312.00000000000097       ,     1.6202109834887696E-004
   313.00000000000097       ,     1.6098747356483269E-004
   314.00000000000097       ,     1.5996370844327467E-004
   315.00000000000102       ,     1.5894967798108598E-004
   316.00000000000102       ,     1.5794525914990636E-004
   317.00000000000108       ,     1.5695033085883118E-004
   318.00000000000108       ,     1.5596477391789347E-004
   319.00000000000108       ,     1.5498847100237827E-004
   320.00000000000114       ,     1.5402130661790149E-004
   321.00000000000114       ,     1.5306316706624590E-004
   322.00000000000114       ,     1.5211394041195452E-004
   323.00000000000119       ,     1.5117351644962614E-004
   324.00000000000119       ,     1.5024178667193564E-004
   325.00000000000125       ,     1.4931864423832570E-004
   326.00000000000125       ,     1.4840398394438270E-004
   327.00000000000125       ,     1.4749770219185714E-004
   328.00000000000131       ,     1.4659969695933418E-004
   329.00000000000131       ,     1.4570986777351564E-004
   330.00000000000136       ,     1.4482811568111194E-004
   331.00000000000136       ,     1.4395434322133879E-004
   332.00000000000136       ,     1.4308845439897852E-004
   333.00000000000142       ,     1.4223035465801918E-004
   334.00000000000142       ,     1.4137995085583132E-004
   335.00000000000148       ,     1.4053715123789771E-004
   336.00000000000148       ,     1.3970186541306312E-004
   337.00000000000148       ,     1.3887400432929041E-004
   338.00000000000153       ,     1.3805348024993256E-004
   339.00000000000153       ,     1.3724020673047649E-004
   340.00000000000153       ,     1.3643409859578830E-004
   341.00000000000159       ,     1.3563507191779512E-004
   342.00000000000159       ,     1.3484304399364694E-004
   343.00000000000165       ,     1.3405793332431958E-004
   344.00000000000165       ,     1.3327965959364043E-004
   345.00000000000165       ,     1.3250814364774630E-004
   346.00000000000171       ,     1.3174330747496734E-004
   347.00000000000171       ,     1.3098507418609210E-004
   348.00000000000176       ,     1.3023336799505579E-004
   349.00000000000176       ,     1.2948811419999164E-004
   350.00000000000176       ,     1.2874923916468011E-004
   351.00000000000182       ,     1.2801667030034813E-004
   352.00000000000182       ,     1.2729033604785478E-004
   353.00000000000188       ,     1.2657016586019749E-004
   354.00000000000188       ,     1.2585609018539703E-004
   355.00000000000188       ,     1.2514804044969768E-004
   356.00000000000193       ,     1.2444594904110242E-004
   357.00000000000193       ,     1.2374974929323102E-004
   358.00000000000199       ,     1.2305937546950083E-004
   359.00000000000199       ,     1.2237476274759687E-004
   360.00000000000199       ,     1.2169584720426687E-004
   361.00000000000205       ,     1.2102256580039316E-004
   362.00000000000205       ,     1.2035485636635815E-004
   363.00000000000205       ,     1.1969265758769490E-004
   364.00000000000210       ,     1.1903590899101121E-004
   365.00000000000210       ,     1.1838455093017816E-004
   366.00000000000216       ,     1.1773852457279280E-004
   367.00000000000216       ,     1.1709777188688729E-004
   368.00000000000216       ,     1.1646223562790213E-004
   369.00000000000222       ,     1.1583185932589313E-004
   370.00000000000222       ,     1.1520658727299400E-004
   371.00000000000227       ,     1.1458636451110479E-004
   372.00000000000227       ,     1.1397113681981220E-004
   373.00000000000227       ,     1.1336085070454725E-004
   374.00000000000233       ,     1.1275545338494833E-004
   375.00000000000233       ,     1.1215489278345170E-004
   376.00000000000239       ,     1.1155911751409770E-004
   377.00000000000239       ,     1.1096807687152462E-004
   378.00000000000239       ,     1.1038172082019670E-004
   379.00000000000244       ,     1.0979999998379961E-004
   380.00000000000244       ,     1.0922286563485479E-004
   381.00000000000244       ,     1.0865026968450957E-004
   382.00000000000250       ,     1.0808216467252150E-004
   383.00000000000250       ,     1.0751850375742692E-004
   384.00000000000256       ,     1.0695924070687615E-004
   385.00000000000256       ,     1.0640432988816409E-004
   386.00000000000256       ,     1.0585372625891236E-004
   387.00000000000261       ,     1.0530738535793697E-004
   388.00000000000261       ,     1.0476526329626607E-004
   389.00000000000267       ,     1.0422731674832335E-004
   390.00000000000267       ,     1.0369350294328108E-004
   391.00000000000267       ,     1.0316377965654976E-004
   392.00000000000273       ,     1.0263810520143371E-004
   393.00000000000273       ,     1.0211643842092232E-004
   394.00000000000279       ,     1.0159873867964313E-004
   395.00000000000279       ,     1.0108496585593949E-004
   396.00000000000279       ,     1.0057508033410506E-004
   397.00000000000284       ,     1.0006904299673892E-004
   398.00000000000284       ,     9.9566815217248269E-005
   399.00000000000290       ,     9.9068358852476076E-005
   400.00000000000290       ,     9.8573636235456226E-005
   401.00000000000290       ,     9.8082610168300665E-005
   402.00000000000296       ,     9.7595243915205948E-005
   403.00000000000296       ,     9.7111501195579897E-005
   404.00000000000296       ,     9.6631346177291643E-005
   405.00000000000301       ,     9.6154743470038031E-005
   406.00000000000301       ,     9.5681658118814932E-005
   407.00000000000307       ,     9.5212055597516455E-005
   408.00000000000307       ,     9.4745901802629779E-005
   409.00000000000307       ,     9.4283163047047020E-005
   410.00000000000313       ,     9.3823806053973377E-005
   411.00000000000313       ,     9.3367797950953579E-005
   412.00000000000318       ,     9.2915106263979577E-005
   413.00000000000318       ,     9.2465698911719125E-005
   414.00000000000318       ,     9.2019544199822712E-005
   415.00000000000324       ,     9.1576610815346320E-005
   416.00000000000324       ,     9.1136867821242564E-005
   417.00000000000330       ,     9.0700284650972168E-005
   418.00000000000330       ,     9.0266831103185736E-005
   419.00000000000330       ,     8.9836477336498736E-005
   420.00000000000335       ,     8.9409193864359296E-005
   421.00000000000335       ,     8.8984951549997068E-005
   422.00000000000335       ,     8.8563721601451429E-005
   423.00000000000341       ,     8.8145475566693641E-005
   424.00000000000341       ,     8.7730185328814444E-005
   425.00000000000347       ,     8.7317823101303930E-005
   426.00000000000347       ,     8.6908361423400704E-005
   427.00000000000347       ,     8.6501773155521583E-005
   428.00000000000352       ,     8.6098031474763254E-005
   429.00000000000352       ,     8.5697109870480094E-005
   430.00000000000358       ,     8.5298982139930129E-005
   431.00000000000358       ,     8.4903622383994409E-005
   432.00000000000358       ,     8.4511005002963814E-005
   433.00000000000364       ,     8.4121104692398308E-005
   434.00000000000364       ,     8.3733896439046481E-005
   435.00000000000369       ,     8.3349355516834983E-005
   436.00000000000369       ,     8.2967457482919379E-005
   437.00000000000369       ,     8.2588178173803635E-005
   438.00000000000375       ,     8.2211493701512712E-005
   439.00000000000375       ,     8.1837380449836995E-005
   440.00000000000381       ,     8.1465815070624648E-005
   441.00000000000381       ,     8.1096774480144754E-005
   442.00000000000381       ,     8.0730235855495285E-005
   443.00000000000387       ,     8.0366176631080634E-005
   444.00000000000387       ,     8.0004574495134978E-005
   445.00000000000387       ,     7.9645407386305043E-005
   446.00000000000392       ,     7.9288653490281830E-005
   447.00000000000392       ,     7.8934291236495315E-005
   448.00000000000398       ,     7.8582299294846855E-005
   449.00000000000398       ,     7.8232656572501289E-005
   450.00000000000398       ,     7.7885342210730135E-005
   451.00000000000404       ,     7.7540335581796163E-005
   452.00000000000404       ,     7.7197616285891731E-005
   453.00000000000409       ,     7.6857164148126704E-005
   454.00000000000409       ,     7.6518959215552516E-005
   455.00000000000409       ,     7.6182981754247000E-005
   456.00000000000415       ,     7.5849212246425796E-005
   457.00000000000415       ,     7.5517631387619002E-005
   458.00000000000421       ,     7.5188220083869910E-005
   459.00000000000421       ,     7.4860959448991188E-005
   460.00000000000421       ,     7.4535830801857584E-005
   461.00000000000426       ,     7.4212815663736288E-005
   462.00000000000426       ,     7.3891895755669144E-005
   463.00000000000426       ,     7.3573052995875953E-005
   464.00000000000432       ,     7.3256269497217868E-005
   465.00000000000432       ,     7.2941527564679800E-005
   466.00000000000438       ,     7.2628809692907337E-005
   467.00000000000438       ,     7.2318098563765325E-005
   468.00000000000438       ,     7.2009377043944428E-005
   469.00000000000443       ,     7.1702628182600161E-005
   470.00000000000443       ,     7.1397835209021282E-005
   471.00000000000449       ,     7.1094981530343474E-005
   472.00000000000449       ,     7.0794050729283946E-005
   473.00000000000449       ,     7.0495026561924991E-005
   474.00000000000455       ,     7.0197892955513086E-005
   475.00000000000455       ,     6.9902634006306435E-005
   476.00000000000460       ,     6.9609233977442432E-005
   477.00000000000460       ,     6.9317677296841184E-005
   478.00000000000455       ,     6.9027948555141783E-005
   479.00000000000455       ,     6.8740032503662911E-005
   480.00000000000449       ,     6.8453914052400016E-005
   481.00000000000449       ,     6.8169578268044361E-005
   482.00000000000443       ,     6.7887010372036071E-005
   483.00000000000443       ,     6.7606195738646201E-005
   484.00000000000438       ,     6.7327119893077983E-005
   485.00000000000438       ,     6.7049768509609142E-005
   486.00000000000432       ,     6.6774127409748098E-005
   487.00000000000432       ,     6.6500182560423108E-005
   488.00000000000426       ,     6.6227920072195787E-005
   489.00000000000421       ,     6.5957326197502419E-005
   490.00000000000421       ,     6.5688387328917758E-005
   491.00000000000415       ,     6.5421089997440851E-005
   492.00000000000415       ,     6.5155420870815557E-005
   493.00000000000409       ,     6.4891366751861329E-005
   494.00000000000409       ,     6.4628914576837757E-005
   495.00000000000404       ,     6.4368051413827749E-005
   496.00000000000404       ,     6.4108764461145838E-005
   497.00000000000398       ,     6.3851041045764453E-005
   498.00000000000398       ,     6.3594868621769254E-005
   499.00000000000392       ,     6.3340234768828482E-005
   500.00000000000392       ,     6.3087127190692726E-005
   501.00000000000387       ,     6.2835533713702537E-005
   502.00000000000381       ,     6.2585442285332759E-005
   503.00000000000381       ,     6.2336840972744304E-005
   504.00000000000375       ,     6.2089717961360212E-005
   505.00000000000375       ,     6.1844061553467428E-005
   506.00000000000369       ,     6.1599860166824274E-005
   507.00000000000369       ,     6.1357102333302262E-005
   508.00000000000364       ,     6.1115776697536582E-005
   509.00000000000364       ,     6.0875872015597354E-005
   510.00000000000358       ,     6.0637377153682609E-005
   511.00000000000358       ,     6.0400281086826067E-005
   512.00000000000352       ,     6.0164572897617409E-005
   513.00000000000352       ,     5.9930241774954160E-005
   514.00000000000341       ,     5.9697277012797074E-005
   515.00000000000341       ,     5.9465668008946885E-005
   516.00000000000341       ,     5.9235404263839714E-005
   517.00000000000341       ,     5.9006475379357736E-005
   518.00000000000330       ,     5.8778871057650534E-005
   519.00000000000330       ,     5.8552581099984983E-005
   520.00000000000330       ,     5.8327595405595161E-005
   521.00000000000330       ,     5.8103903970560511E-005
   522.00000000000318       ,     5.7881496886690719E-005
   523.00000000000318       ,     5.7660364340428196E-005
   524.00000000000318       ,     5.7440496611768437E-005
   525.00000000000307       ,     5.7221884073189777E-005
   526.00000000000307       ,     5.7004517188599542E-005
   527.00000000000307       ,     5.6788386512293863E-005
   528.00000000000307       ,     5.6573482687933590E-005
   529.00000000000296       ,     5.6359796447528893E-005
   530.00000000000296       ,     5.6147318610441398E-005
   531.00000000000296       ,     5.5936040082397987E-005
   532.00000000000296       ,     5.5725951854517778E-005
   533.00000000000284       ,     5.5517045002351235E-005
   534.00000000000284       ,     5.5309310684933531E-005
   535.00000000000284       ,     5.5102740143849023E-005
   536.00000000000284       ,     5.4897324702303741E-005
   537.00000000000273       ,     5.4693055764222483E-005
   538.00000000000273       ,     5.4489924813342666E-005
   539.00000000000273       ,     5.4287923412328343E-005
   540.00000000000261       ,     5.4087043201896818E-005
   541.00000000000261       ,     5.3887275899949447E-005
   542.00000000000261       ,     5.3688613300721384E-005
   543.00000000000261       ,     5.3491047273937450E-005
   544.00000000000250       ,     5.3294569763980071E-005
   545.00000000000250       ,     5.3099172789069241E-005
   546.00000000000250       ,     5.2904848440450255E-005
   547.00000000000250       ,     5.2711588881594350E-005
   548.00000000000239       ,     5.2519386347411220E-005
   549.00000000000239       ,     5.2328233143463646E-005
   550.00000000000239       ,     5.2138121645200329E-005
   551.00000000000227       ,     5.1949044297196953E-005
   552.00000000000227       ,     5.1760993612401340E-005
   553.00000000000227       ,     5.1573962171398297E-005
   554.00000000000227       ,     5.1387942621672220E-005
   555.00000000000216       ,     5.1202927676887255E-005
   556.00000000000216       ,     5.1018910116172474E-005
   557.00000000000216       ,     5.0835882783419102E-005
   558.00000000000216       ,     5.0653838586583682E-005
   559.00000000000205       ,     5.0472770496999943E-005
   560.00000000000205       ,     5.0292671548702706E-005
   561.00000000000205       ,     5.0113534837754908E-005
   562.00000000000193       ,     4.9935353521590110E-005
   563.00000000000193       ,     4.9758120818354873E-005
   564.00000000000193       ,     4.9581830006265783E-005
   565.00000000000193       ,     4.9406474422971795E-005
   566.00000000000182       ,     4.9232047464923829E-005
   567.00000000000182       ,     4.9058542586754264E-005
   568.00000000000182       ,     4.8885953300662690E-005
   569.00000000000182       ,     4.8714273175808798E-005
   570.00000000000171       ,     4.8543495837713430E-005
   571.00000000000171       ,     4.8373614967667107E-005
   572.00000000000171       ,     4.8204624302145266E-005
   573.00000000000171       ,     4.8036517632231755E-005
   574.00000000000159       ,     4.7869288803048098E-005
   575.00000000000159       ,     4.7702931713188994E-005
   576.00000000000159       ,     4.7537440314167521E-005
   577.00000000000148       ,     4.7372808609863454E-005
   578.00000000000148       ,     4.7209030655982223E-005
   579.00000000000148       ,     4.7046100559517585E-005
   580.00000000000148       ,     4.6884012478219759E-005
   581.00000000000136       ,     4.6722760620075202E-005
   582.00000000000136       ,     4.6562339242785467E-005
   583.00000000000136       ,     4.6402742653257915E-005
   584.00000000000136       ,     4.6243965207101118E-005
   585.00000000000125       ,     4.6086001308125177E-005
   586.00000000000125       ,     4.5928845407847472E-005
   587.00000000000125       ,     4.5772492005006867E-005
   588.00000000000114       ,     4.5616935645081634E-005
   589.00000000000114       ,     4.5462170919815078E-005
   590.00000000000114       ,     4.5308192466742970E-005
   591.00000000000114       ,     4.5154994968730325E-005
   592.00000000000102       ,     4.5002573153514416E-005
   593.00000000000102       ,     4.4850921793246313E-005
   594.00000000000102       ,     4.4700035704047224E-005
   595.00000000000102       ,     4.4549909745563648E-005
   596.00000000000091       ,     4.4400538820529334E-005
   597.00000000000091       ,     4.4251917874332964E-005
   598.00000000000091       ,     4.4104041894590658E-005
   599.00000000000080       ,     4.3956905910722980E-005
   600.00000000000080       ,     4.3810504993536485E-005
   601.00000000000080       ,     4.3664834254814462E-005
   602.00000000000080       ,     4.3519888846903321E-005
   603.00000000000068       ,     4.3375663962314325E-005
   604.00000000000068       ,     4.3232154833322428E-005
   605.00000000000068       ,     4.3089356731570885E-005
   606.00000000000068       ,     4.2947264967686166E-005
   607.00000000000057       ,     4.2805874890889269E-005
   608.00000000000057       ,     4.2665181888615767E-005
   609.00000000000057       ,     4.2525181386140913E-005
   610.00000000000057       ,     4.2385868846206131E-005
   611.00000000000045       ,     4.2247239768653171E-005
   612.00000000000045       ,     4.2109289690058779E-005
   613.00000000000045       ,     4.1972014183376598E-005
   614.00000000000034       ,     4.1835408857582747E-005
   615.00000000000034       ,     4.1699469357322527E-005
   616.00000000000034       ,     4.1564191362564552E-005
   617.00000000000034       ,     4.1429570588257909E-005
   618.00000000000023       ,     4.1295602783991745E-005
   619.00000000000023       ,     4.1162283733660993E-005
   620.00000000000023       ,     4.1029609255133150E-005
   621.00000000000023       ,     4.0897575199922169E-005
   622.00000000000011       ,     4.0766177452862472E-005
   623.00000000000011       ,     4.0635411931788755E-005
   624.00000000000011       ,     4.0505274587219349E-005
   625.00000000000000       ,     4.0375761402043769E-005
   626.00000000000000       ,     4.0246868391208416E-005
   627.00000000000000       ,     4.0118591601416589E-005
   628.00000000000000       ,     3.9990927110818951E-005
   628.99999999999989       ,     3.9863871028718690E-005
   629.99999999999989       ,     3.9737419495271876E-005
   630.99999999999989       ,     3.9611568681194655E-005
   631.99999999999989       ,     3.9486314787477078E-005
   632.99999999999977       ,     3.9361654045090315E-005
   633.99999999999977       ,     3.9237582714708040E-005
   634.99999999999977       ,     3.9114097086423575E-005
   635.99999999999966       ,     3.8991193479473707E-005
   636.99999999999966       ,     3.8868868241963109E-005
   637.99999999999966       ,     3.8747117750594770E-005
   638.99999999999966       ,     3.8625938410400652E-005
   639.99999999999955       ,     3.8505326654475690E-005
   640.99999999999955       ,     3.8385278943716513E-005
   641.99999999999955       ,     3.8265791766561684E-005
   642.99999999999955       ,     3.8146861638734744E-005
   643.99999999999943       ,     3.8028485102988848E-005
   644.99999999999943       ,     3.7910658728858286E-005
   645.99999999999943       ,     3.7793379112406929E-005
   646.99999999999932       ,     3.7676642875985176E-005
   647.99999999999932       ,     3.7560446667984107E-005
   648.99999999999932       ,     3.7444787162597816E-005
   649.99999999999932       ,     3.7329661059581771E-005
   650.99999999999920       ,     3.7215065084021487E-005
   651.99999999999920       ,     3.7100995986096034E-005
   652.99999999999920       ,     3.6987450540849945E-005
   653.99999999999920       ,     3.6874425547964725E-005
   654.99999999999909       ,     3.6761917831532554E-005
   655.99999999999909       ,     3.6649924239834142E-005
   656.99999999999909       ,     3.6538441645117695E-005
   657.99999999999909       ,     3.6427466943379411E-005
   658.99999999999898       ,     3.6316997054149939E-005
   659.99999999999898       ,     3.6207028920278370E-005
   660.99999999999898       ,     3.6097559507721780E-005
   661.99999999999886       ,     3.5988585805335259E-005
   662.99999999999886       ,     3.5880104824665138E-005
   663.99999999999886       ,     3.5772113599744936E-005
   664.99999999999886       ,     3.5664609186891906E-005
   665.99999999999875       ,     3.5557588664505147E-005
   666.99999999999875       ,     3.5451049132869624E-005
   667.99999999999875       ,     3.5344987713958270E-005
   668.99999999999875       ,     3.5239401551236888E-005
   669.99999999999864       ,     3.5134287809474921E-005
   670.99999999999864       ,     3.5029643674550617E-005
   671.99999999999864       ,     3.4925466353266288E-005
   672.99999999999852       ,     3.4821753073159866E-005
   673.99999999999852       ,     3.4718501082323118E-005
   674.99999999999852       ,     3.4615707649214502E-005
   675.99999999999852       ,     3.4513370062483525E-005
   676.99999999999841       ,     3.4411485630787618E-005
   677.99999999999841       ,     3.4310051682619517E-005
   678.99999999999841       ,     3.4209065566128126E-005
   679.99999999999841       ,     3.4108524648947638E-005
   680.99999999999829       ,     3.4008426318024269E-005
   681.99999999999829       ,     3.3908767979449323E-005
   682.99999999999829       ,     3.3809547058287235E-005
   683.99999999999818       ,     3.3710760998412188E-005
   684.99999999999818       ,     3.3612407262344125E-005
   685.99999999999818       ,     3.3514483331080472E-005
   686.99999999999818       ,     3.3416986703942957E-005
   687.99999999999807       ,     3.3319914898410765E-005
   688.99999999999807       ,     3.3223265449966021E-005
   689.99999999999807       ,     3.3127035911937137E-005
   690.99999999999807       ,     3.3031223855343438E-005
   691.99999999999795       ,     3.2935826868742336E-005
   692.99999999999795       ,     3.2840842558076033E-005
   693.99999999999795       ,     3.2746268546523582E-005
   694.99999999999795       ,     3.2652102474350903E-005
   695.99999999999784       ,     3.2558341998764509E-005
   696.99999999999784       ,     3.2464984793763484E-005
   697.99999999999784       ,     3.2372028549998568E-005
   698.99999999999773       ,     3.2279470974626500E-005
   699.99999999999773       ,     3.2187309791170502E-005
   700.99999999999773       ,     3.2095542739378901E-005
   701.99999999999773       ,     3.2004167575087596E-005
   702.99999999999761       ,     3.1913182070082661E-005
   703.99999999999761       ,     3.1822584011964231E-005
   704.99999999999761       ,     3.1732371204010727E-005
   705.99999999999761       ,     3.1642541465049934E-005
   706.99999999999750       ,     3.1553092629320854E-005
   707.99999999999750       ,     3.1464022546349711E-005
   708.99999999999750       ,     3.1375329080815526E-005
   709.99999999999739       ,     3.1287010112424922E-005
   710.99999999999739       ,     3.1199063535784785E-005
   711.99999999999739       ,     3.1111487260276101E-005
   712.99999999999739       ,     3.1024279209930851E-005
   713.99999999999727       ,     3.0937437323308398E-005
   714.99999999999727       ,     3.0850959553373483E-005
   715.99999999999727       ,     3.0764843867375716E-005
   716.99999999999727       ,     3.0679088246730502E-005
   717.99999999999716       ,     3.0593690686899963E-005
   718.99999999999716       ,     3.0508649197276537E-005
   719.99999999999716       ,     3.0423961801067395E-005
   720.99999999999704       ,     3.0339626535177731E-005
   721.99999999999704       ,     3.0255641450098981E-005
   722.99999999999704       ,     3.0172004609795071E-005
   723.99999999999704       ,     3.0088714091590134E-005
   724.99999999999693       ,     3.0005767986060845E-005
   725.99999999999693       ,     2.9923164396924274E-005
   726.99999999999693       ,     2.9840901440930021E-005
   727.99999999999693       ,     2.9758977247753401E-005
   728.99999999999682       ,     2.9677389959888823E-005
   729.99999999999682       ,     2.9596137732545037E-005
   730.99999999999682       ,     2.9515218733540328E-005
   731.99999999999682       ,     2.9434631143198786E-005
   732.99999999999670       ,     2.9354373154249122E-005
   733.99999999999670       ,     2.9274442971722415E-005
   734.99999999999670       ,     2.9194838812852540E-005
   735.99999999999659       ,     2.9115558906976264E-005
   736.99999999999659       ,     2.9036601495433930E-005
   737.99999999999659       ,     2.8957964831473800E-005
   738.99999999999659       ,     2.8879647180154478E-005
   739.99999999999648       ,     2.8801646818249078E-005
   740.99999999999648       ,     2.8723962034150479E-005
   741.99999999999648       ,     2.8646591127776563E-005
   742.99999999999648       ,     2.8569532410480341E-005
   743.99999999999636       ,     2.8492784204953641E-005
   744.99999999999636       ,     2.8416344845139037E-005
   745.99999999999636       ,     2.8340212676137409E-005
   746.99999999999625       ,     2.8264386054119878E-005
   747.99999999999625       ,     2.8188863346237639E-005
   748.99999999999625       ,     2.8113642930535264E-005
   749.99999999999625       ,     2.8038723195863619E-005
   750.99999999999613       ,     2.7964102541792123E-005
   751.99999999999613       ,     2.7889779378525042E-005
   752.99999999999613       ,     2.7815752126815060E-005
   753.99999999999613       ,     2.7742019217881982E-005
   754.99999999999602       ,     2.7668579093326338E-005
   755.99999999999602       ,     2.7595430205049762E-005
   756.99999999999602       ,     2.7522571015172092E-005
   757.99999999999591       ,     2.7449999995950606E-005
   758.99999999999591       ,     2.7377715629700371E-005
   759.99999999999591       ,     2.7305716408714291E-005
   760.99999999999591       ,     2.7234000835185369E-005
   761.99999999999579       ,     2.7162567421127999E-005
   762.99999999999579       ,     2.7091414688300841E-005
   763.99999999999579       ,     2.7020541168131007E-005
   764.99999999999579       ,     2.6949945401637986E-005
   765.99999999999568       ,     2.6879625939357463E-005
   766.99999999999568       ,     2.6809581341268534E-005
   767.99999999999568       ,     2.6739810176719640E-005
   768.99999999999568       ,     2.6670311024354767E-005
   769.99999999999557       ,     2.6601082472041659E-005
   770.99999999999557       ,     2.6532123116799785E-005
   771.99999999999557       ,     2.6463431564728812E-005
   772.99999999999545       ,     2.6395006430940548E-005
   773.99999999999545       ,     2.6326846339485004E-005
   774.99999999999545       ,     2.6258949923285636E-005
   775.99999999999545       ,     2.6191315824067345E-005
   776.99999999999534       ,     2.6123942692290013E-005
   777.99999999999534       ,     2.6056829187081548E-005
   778.99999999999534       ,     2.5989973976170970E-005
   779.99999999999534       ,     2.5923375735820921E-005
   780.99999999999523       ,     2.5857033150764604E-005
   781.99999999999523       ,     2.5790944914138175E-005
   782.99999999999523       ,     2.5725109727418847E-005
   783.99999999999511       ,     2.5659526300359054E-005
   784.99999999999511       ,     2.5594193350924527E-005
   785.99999999999511       ,     2.5529109605231205E-005
   786.99999999999511       ,     2.5464273797483413E-005
   787.99999999999500       ,     2.5399684669911412E-005
   788.99999999999500       ,     2.5335340972711865E-005
   789.99999999999500       ,     2.5271241463985585E-005
   790.99999999999500       ,     2.5207384909679848E-005
   791.99999999999488       ,     2.5143770083526796E-005
   792.99999999999488       ,     2.5080395766986031E-005
   793.99999999999488       ,     2.5017260749185415E-005
   794.99999999999477       ,     2.4954363826863512E-005
   795.99999999999477       ,     2.4891703804312796E-005
   796.99999999999477       ,     2.4829279493321708E-005
   797.99999999999477       ,     2.4767089713119632E-005
   798.99999999999466       ,     2.4705133290319782E-005
   799.99999999999466       ,     2.4643409058864815E-005
   800.99999999999466       ,     2.4581915859971240E-005
   801.99999999999466       ,     2.4520652542075786E-005
   802.99999999999454       ,     2.4459617960781271E-005
   803.99999999999454       ,     2.4398810978802138E-005
   804.99999999999454       ,     2.4338230465913219E-005
   805.99999999999443       ,     2.4277875298895676E-005
   806.99999999999443       ,     2.4217744361485904E-005
   807.99999999999443       ,     2.4157836544323792E-005
   808.99999999999443       ,     2.4098150744900783E-005
   809.99999999999432       ,     2.4038685867510243E-005
   810.99999999999432       ,     2.3979440823196097E-005
   811.99999999999432       ,     2.3920414529704475E-005
   812.99999999999432       ,     2.3861605911432343E-005
   813.99999999999420       ,     2.3803013899379920E-005
   814.99999999999420       ,     2.3744637431101526E-005
   815.99999999999420       ,     2.3686475450658244E-005
   816.99999999999420       ,     2.3628526908568472E-005
   817.99999999999409       ,     2.3570790761762294E-005
   818.99999999999409       ,     2.3513265973533745E-005
   819.99999999999409       ,     2.3455951513494151E-005
   820.99999999999397       ,     2.3398846357526338E-005
   821.99999999999397       ,     2.3341949487739177E-005
   822.99999999999397       ,     2.3285259892420801E-005
   823.99999999999397       ,     2.3228776565995531E-005
   824.99999999999386       ,     2.3172498508978540E-005
   825.99999999999386       ,     2.3116424727930466E-005
   826.99999999999386       ,     2.3060554235415503E-005
   827.99999999999386       ,     2.3004886049956396E-005
   828.99999999999375       ,     2.2949419195993025E-005
   829.99999999999375       ,     2.2894152703837230E-005
   830.99999999999375       ,     2.2839085609632619E-005
   831.99999999999363       ,     2.2784216955311397E-005
   832.99999999999363       ,     2.2729545788553101E-005
   833.99999999999363       ,     2.2675071162743798E-005
   834.99999999999363       ,     2.2620792136933488E-005
   835.99999999999352       ,     2.2566707775797115E-005
   836.99999999999352       ,     2.2512817149593532E-005
   837.99999999999352       ,     2.2459119334125382E-005
   838.99999999999352       ,     2.2405613410700482E-005
   839.99999999999341       ,     2.2352298466090508E-005
   840.99999999999341       ,     2.2299173592495052E-005
   841.99999999999341       ,     2.2246237887499968E-005
   842.99999999999329       ,     2.2193490454040451E-005
   843.99999999999329       ,     2.2140930400363667E-005
   844.99999999999329       ,     2.2088556839989482E-005
   845.99999999999329       ,     2.2036368891674101E-005
   846.99999999999318       ,     2.1984365679373279E-005
   847.99999999999318       ,     2.1932546332204241E-005
   848.99999999999318       ,     2.1880909984410978E-005
   849.99999999999318       ,     2.1829455775326697E-005
   850.99999999999307       ,     2.1778182849338142E-005
   851.99999999999307       ,     2.1727090355850823E-005
   852.99999999999307       ,     2.1676177449253005E-005
   853.99999999999307       ,     2.1625443288881013E-005
   854.99999999999295       ,     2.1574887038984376E-005
   855.99999999999295       ,     2.1524507868691549E-005
   856.99999999999295       ,     2.1474304951975569E-005
   857.99999999999284       ,     2.1424277467620650E-005
   858.99999999999284       ,     2.1374424599188100E-005
   859.99999999999284       ,     2.1324745534983359E-005
   860.99999999999284       ,     2.1275239468022139E-005
   861.99999999999272       ,     2.1225905595999226E-005
   862.99999999999272       ,     2.1176743121254533E-005
   863.99999999999272       ,     2.1127751250741624E-005
   864.99999999999272       ,     2.1078929195995440E-005
   865.99999999999261       ,     2.1030276173100339E-005
   866.99999999999261       ,     2.0981791402659404E-005
   867.99999999999261       ,     2.0933474109762318E-005
   868.99999999999250       ,     2.0885323523955388E-005
   869.99999999999250       ,     2.0837338879209359E-005
   870.99999999999250       ,     2.0789519413890866E-005
   871.99999999999250       ,     2.0741864370730570E-005
   872.99999999999238       ,     2.0694372996793929E-005
   873.99999999999238       ,     2.0647044543451593E-005
   874.99999999999238       ,     2.0599878266349147E-005
   875.99999999999238       ,     2.0552873425378832E-005
   876.99999999999227       ,     2.0506029284649876E-005
   877.99999999999227       ,     2.0459345112459930E-005
   878.99999999999227       ,     2.0412820181265915E-005
   879.99999999999216       ,     2.0366453767656951E-005
   880.99999999999216       ,     2.0320245152324786E-005
   881.99999999999216       ,     2.0274193620036880E-005
   882.99999999999216       ,     2.0228298459608312E-005
   883.99999999999204       ,     2.0182558963874485E-005
   884.99999999999204       ,     2.0136974429663909E-005
   885.99999999999204       ,     2.0091544157770792E-005
   886.99999999999204       ,     2.0046267452929057E-005
   887.99999999999193       ,     2.0001143623784453E-005
   888.99999999999193       ,     1.9956171982869474E-005
   889.99999999999193       ,     1.9911351846576959E-005
   890.99999999999193       ,     1.9866682535132449E-005
   891.99999999999181       ,     1.9822163372571213E-005
   892.99999999999181       ,     1.9777793686710444E-005
   893.99999999999181       ,     1.9733572809124486E-005
   894.99999999999170       ,     1.9689500075120593E-005
   895.99999999999170       ,     1.9645574823712347E-005
   896.99999999999170       ,     1.9601796397596186E-005
   897.99999999999170       ,     1.9558164143126020E-005
   898.99999999999159       ,     1.9514677410289616E-005
   899.99999999999159       ,     1.9471335552683316E-005
   900.99999999999159       ,     1.9428137927488998E-005
   901.99999999999159       ,     1.9385083895449813E-005
   902.99999999999147       ,     1.9342172820846469E-005
   903.99999999999147       ,     1.9299404071473742E-005
   904.99999999999147       ,     1.9256777018617874E-005
   905.99999999999136       ,     1.9214291037032411E-005
   906.99999999999136       ,     1.9171945504915847E-005
   907.99999999999136       ,     1.9129739803888929E-005
   908.99999999999136       ,     1.9087673318971964E-005
   909.99999999999125       ,     1.9045745438562506E-005
   910.99999999999125       ,     1.9003955554412415E-005
   911.99999999999125       ,     1.8962303061607242E-005
   912.99999999999125       ,     1.8920787358543139E-005
   913.99999999999113       ,     1.8879407846905445E-005
   914.99999999999113       ,     1.8838163931647406E-005
   915.99999999999113       ,     1.8797055020968236E-005
   916.99999999999102       ,     1.8756080526292368E-005
   917.99999999999102       ,     1.8715239862248580E-005
   918.99999999999102       ,     1.8674532446648123E-005
   919.99999999999102       ,     1.8633957700465091E-005
   920.99999999999091       ,     1.8593515047814873E-005
   921.99999999999091       ,     1.8553203915934766E-005
   922.99999999999091       ,     1.8513023735162894E-005
   923.99999999999091       ,     1.8472973938917906E-005
   924.99999999999079       ,     1.8433053963679846E-005
   925.99999999999079       ,     1.8393263248969679E-005
   926.99999999999079       ,     1.8353601237329974E-005
   927.99999999999068       ,     1.8314067374305114E-005
   928.99999999999068       ,     1.8274661108421911E-005
   929.99999999999068       ,     1.8235381891170780E-005
   930.99999999999068       ,     1.8196229176986128E-005
   931.99999999999056       ,     1.8157202423227647E-005
   932.99999999999056       ,     1.8118301090161543E-005
   933.99999999999056       ,     1.8079524640941962E-005
   934.99999999999056       ,     1.8040872541592357E-005
   935.99999999999045       ,     1.8002344260986747E-005
   936.99999999999045       ,     1.7963939270832421E-005
   937.99999999999045       ,     1.7925657045650742E-005
   938.99999999999045       ,     1.7887497062759649E-005
   939.99999999999034       ,     1.7849458802256073E-005
   940.99999999999034       ,     1.7811541746997901E-005
   941.99999999999034       ,     1.7773745382586573E-005
   942.99999999999022       ,     1.7736069197349064E-005
   943.99999999999022       ,     1.7698512682321776E-005
   944.99999999999022       ,     1.7661075331232022E-005
   945.99999999999022       ,     1.7623756640481956E-005
   946.99999999999011       ,     1.7586556109130781E-005
   947.99999999999011       ,     1.7549473238879051E-005
   948.99999999999011       ,     1.7512507534050666E-005
   949.99999999999011       ,     1.7475658501577364E-005
   950.99999999999000       ,     1.7438925650981725E-005
   951.99999999999000       ,     1.7402308494361235E-005
   952.99999999999000       ,     1.7365806546371554E-005
   953.99999999998988       ,     1.7329419324211035E-005
   954.99999999999000       ,     1.7293146347604163E-005
   955.99999999999011       ,     1.7256987138786161E-005
   956.99999999999011       ,     1.7220941222487039E-005
   957.99999999999022       ,     1.7185008125916422E-005
   958.99999999999034       ,     1.7149187378747072E-005
   959.99999999999034       ,     1.7113478513100689E-005
   960.99999999999045       ,     1.7077881063531353E-005
   961.99999999999056       ,     1.7042394567011747E-005
   962.99999999999056       ,     1.7007018562916715E-005
   963.99999999999068       ,     1.6971752593009675E-005
   964.99999999999079       ,     1.6936596201426626E-005
   965.99999999999079       ,     1.6901548934662177E-005
   966.99999999999091       ,     1.6866610341554045E-005
   967.99999999999102       ,     1.6831779973270112E-005
   968.99999999999102       ,     1.6797057383292208E-005
   969.99999999999113       ,     1.6762442127402892E-005
   970.99999999999125       ,     1.6727933763671149E-005
   971.99999999999125       ,     1.6693531852437543E-005
   972.99999999999136       ,     1.6659235956301678E-005
   973.99999999999147       ,     1.6625045640106451E-005
   974.99999999999147       ,     1.6590960470925478E-005
   975.99999999999159       ,     1.6556980018049574E-005
   976.99999999999170       ,     1.6523103852971982E-005
   977.99999999999170       ,     1.6489331549376269E-005
   978.99999999999181       ,     1.6455662683121391E-005
   979.99999999999193       ,     1.6422096832230104E-005
   980.99999999999193       ,     1.6388633576873477E-005
   981.99999999999204       ,     1.6355272499360836E-005
   982.99999999999216       ,     1.6322013184123563E-005
   983.99999999999216       ,     1.6288855217704475E-005
   984.99999999999227       ,     1.6255798188743351E-005
   985.99999999999238       ,     1.6222841687965901E-005
   986.99999999999238       ,     1.6189985308168921E-005
   987.99999999999250       ,     1.6157228644209964E-005
   988.99999999999261       ,     1.6124571292993018E-005
   989.99999999999261       ,     1.6092012853457530E-005
   990.99999999999272       ,     1.6059552926564879E-005
   991.99999999999284       ,     1.6027191115286910E-005
   992.99999999999284       ,     1.5994927024593810E-005
   993.99999999999295       ,     1.5962760261441642E-005
   994.99999999999307       ,     1.5930690434760398E-005
   995.99999999999307       ,     1.5898717155442778E-005
   996.99999999999318       ,     1.5866840036331237E-005
   997.99999999999329       ,     1.5835058692207476E-005
   998.99999999999329       ,     1.5803372739780401E-005
   999.99999999999341       ,     1.5771781797673618E-005
   1000.9999999999935       ,     1.5740285486415292E-005
   1001.9999999999935       ,     1.5708883428426078E-005
   1002.9999999999936       ,     1.5677575248008328E-005
   1003.9999999999937       ,     1.5646360571333698E-005
   1004.9999999999937       ,     1.5615239026433570E-005
   1005.9999999999939       ,     1.5584210243186520E-005
   1006.9999999999939       ,     1.5553273853308230E-005
   1007.9999999999940       ,     1.5522429490340599E-005
   1008.9999999999941       ,     1.5491676789640025E-005
   1009.9999999999941       ,     1.5461015388367243E-005
   1010.9999999999942       ,     1.5430444925476924E-005
   1011.9999999999943       ,     1.5399965041706489E-005
   1012.9999999999943       ,     1.5369575379565514E-005
   1013.9999999999944       ,     1.5339275583325942E-005
   1014.9999999999945       ,     1.5309065299010782E-005
   1015.9999999999945       ,     1.5278944174384542E-005
   1016.9999999999947       ,     1.5248911858942135E-005
   1017.9999999999948       ,     1.5218968003899671E-005
   1018.9999999999948       ,     1.5189112262183768E-005
   1019.9999999999949       ,     1.5159344288421054E-005
   1020.9999999999950       ,     1.5129663738929429E-005
   1021.9999999999950       ,     1.5100070271706934E-005
   1022.9999999999951       ,     1.5070563546422008E-005
   1023.9999999999952       ,     1.5041143224404732E-005
   1024.9999999999952       ,     1.5011808968636041E-005
   1025.9999999999955       ,     1.4982560443738901E-005
   1026.9999999999955       ,     1.4953397315967643E-005
   1027.9999999999955       ,     1.4924319253199602E-005
   1028.9999999999957       ,     1.4895325924924750E-005
   1029.9999999999957       ,     1.4866417002237038E-005
   1030.9999999999957       ,     1.4837592157824510E-005
   1031.9999999999959       ,     1.4808851065960227E-005
   1032.9999999999959       ,     1.4780193402493450E-005
   1033.9999999999959       ,     1.4751618844839695E-005
   1034.9999999999959       ,     1.4723127071972188E-005
   1035.9999999999961       ,     1.4694717764412971E-005
   1036.9999999999961       ,     1.4666390604223526E-005
   1037.9999999999961       ,     1.4638145274996534E-005
   1038.9999999999964       ,     1.4609981461845843E-005
   1039.9999999999964       ,     1.4581898851399136E-005
   1040.9999999999964       ,     1.4553897131788184E-005
   1041.9999999999966       ,     1.4525975992640472E-005
   1042.9999999999966       ,     1.4498135125070917E-005
   1043.9999999999966       ,     1.4470374221672871E-005
   1044.9999999999968       ,     1.4442692976510024E-005
   1045.9999999999968       ,     1.4415091085107352E-005
   1046.9999999999968       ,     1.4387568244443416E-005
   1047.9999999999970       ,     1.4360124152942343E-005
   1048.9999999999970       ,     1.4332758510464236E-005
   1049.9999999999970       ,     1.4305471018297615E-005
   1050.9999999999973       ,     1.4278261379152474E-005
   1051.9999999999973       ,     1.4251129297150079E-005
   1052.9999999999973       ,     1.4224074477816483E-005
   1053.9999999999975       ,     1.4197096628073662E-005
   1054.9999999999975       ,     1.4170195456232665E-005
   1055.9999999999975       ,     1.4143370671983599E-005
   1056.9999999999977       ,     1.4116621986390832E-005
   1057.9999999999977       ,     1.4089949111882545E-005
   1058.9999999999977       ,     1.4063351762244115E-005
   1059.9999999999980       ,     1.4036829652610492E-005
   1060.9999999999980       ,     1.4010382499458739E-005
   1061.9999999999980       ,     1.3984010020599766E-005
   1062.9999999999982       ,     1.3957711935171113E-005
   1063.9999999999982       ,     1.3931487963629633E-005
   1064.9999999999982       ,     1.3905337827744394E-005
   1065.9999999999984       ,     1.3879261250588071E-005
   1066.9999999999984       ,     1.3853257956531152E-005
   1067.9999999999984       ,     1.3827327671233625E-005
   1068.9999999999986       ,     1.3801470121638032E-005
   1069.9999999999986       ,     1.3775685035962335E-005
   1070.9999999999986       ,     1.3749972143692582E-005
   1071.9999999999989       ,     1.3724331175576138E-005
   1072.9999999999989       ,     1.3698761863614224E-005
   1073.9999999999989       ,     1.3673263941055848E-005
   1074.9999999999991       ,     1.3647837142388906E-005
   1075.9999999999991       ,     1.3622481203335819E-005
   1076.9999999999991       ,     1.3597195860844269E-005
   1077.9999999999993       ,     1.3571980853082270E-005
   1078.9999999999993       ,     1.3546835919430064E-005
   1079.9999999999993       ,     1.3521760800474320E-005
   1080.9999999999995       ,     1.3496755238000754E-005
   1081.9999999999995       ,     1.3471818974987523E-005
   1082.9999999999995       ,     1.3446951755599586E-005
   1083.9999999999998       ,     1.3422153325180449E-005
   1084.9999999999998       ,     1.3397423430247783E-005
   1085.9999999999998       ,     1.3372761818484535E-005
   1087.0000000000000       ,     1.3348168238734565E-005
   1088.0000000000000       ,     1.3323642440995102E-005
   1089.0000000000000       ,     1.3299184176410733E-005
   1090.0000000000002       ,     1.3274793197267393E-005
   1091.0000000000002       ,     1.3250469256984948E-005
   1092.0000000000002       ,     1.3226212110112679E-005
   1093.0000000000005       ,     1.3202021512321348E-005
   1094.0000000000005       ,     1.3177897220398652E-005
   1095.0000000000005       ,     1.3153838992242187E-005
   1096.0000000000007       ,     1.3129846586852925E-005
   1097.0000000000007       ,     1.3105919764330441E-005
   1098.0000000000007       ,     1.3082058285866006E-005
   1099.0000000000009       ,     1.3058261913736758E-005
   1100.0000000000009       ,     1.3034530411300179E-005
   1101.0000000000009       ,     1.3010863542987869E-005
   1102.0000000000011       ,     1.2987261074299291E-005
   1103.0000000000011       ,     1.2963722771797004E-005
   1104.0000000000011       ,     1.2940248403100484E-005
   1105.0000000000014       ,     1.2916837736879371E-005
   1106.0000000000014       ,     1.2893490542849676E-005
   1107.0000000000014       ,     1.2870206591766084E-005
   1108.0000000000016       ,     1.2846985655418128E-005
   1109.0000000000016       ,     1.2823827506623162E-005
   1110.0000000000016       ,     1.2800731919221880E-005
   1111.0000000000018       ,     1.2777698668071963E-005
   1112.0000000000018       ,     1.2754727529043208E-005
   1113.0000000000018       ,     1.2731818279011860E-005
   1114.0000000000020       ,     1.2708970695854860E-005
   1115.0000000000020       ,     1.2686184558445300E-005
   1116.0000000000020       ,     1.2663459646645961E-005
   1117.0000000000023       ,     1.2640795741305060E-005
   1118.0000000000023       ,     1.2618192624250040E-005
   1119.0000000000023       ,     1.2595650078283205E-005
   1120.0000000000025       ,     1.2573167887175719E-005
   1121.0000000000025       ,     1.2550745835662766E-005
   1122.0000000000025       ,     1.2528383709438749E-005
   1123.0000000000027       ,     1.2506081295151517E-005
   1124.0000000000027       ,     1.2483838380397480E-005
   1125.0000000000027       ,     1.2461654753717037E-005
   1126.0000000000030       ,     1.2439530204588710E-005
   1127.0000000000030       ,     1.2417464523424873E-005
   1128.0000000000030       ,     1.2395457501566456E-005
   1129.0000000000032       ,     1.2373508931278075E-005
   1130.0000000000032       ,     1.2351618605742996E-005
   1131.0000000000032       ,     1.2329786319058341E-005
   1132.0000000000034       ,     1.2308011866230966E-005
   1133.0000000000034       ,     1.2286295043171002E-005
   1134.0000000000034       ,     1.2264635646688547E-005
   1135.0000000000036       ,     1.2243033474488624E-005
   1136.0000000000036       ,     1.2221488325165673E-005
   1137.0000000000036       ,     1.2199999998200126E-005
   1138.0000000000039       ,     1.2178568293952176E-005
   1139.0000000000039       ,     1.2157193013658983E-005
   1140.0000000000039       ,     1.2135873959428324E-005
   1141.0000000000041       ,     1.2114610934235208E-005
   1142.0000000000041       ,     1.2093403741916760E-005
   1143.0000000000041       ,     1.2072252187167686E-005
   1144.0000000000043       ,     1.2051156075536240E-005
   1145.0000000000043       ,     1.2030115213419327E-005
   1146.0000000000043       ,     1.2009129408057978E-005
   1147.0000000000045       ,     1.1988198467533318E-005
   1148.0000000000045       ,     1.1967322200761982E-005
   1149.0000000000045       ,     1.1946500417491818E-005
   1150.0000000000045       ,     1.1925732928297226E-005
   1151.0000000000048       ,     1.1905019544575382E-005
   1152.0000000000048       ,     1.1884360078541865E-005
   1153.0000000000048       ,     1.1863754343225566E-005
   1154.0000000000050       ,     1.1843202152465806E-005
   1155.0000000000050       ,     1.1822703320907124E-005
   1156.0000000000050       ,     1.1802257663995493E-005
   1157.0000000000052       ,     1.1781864997974191E-005
   1158.0000000000052       ,     1.1761525139879362E-005
   1159.0000000000052       ,     1.1741237907536278E-005
   1160.0000000000055       ,     1.1721003119554913E-005
   1161.0000000000055       ,     1.1700820595326439E-005
   1162.0000000000055       ,     1.1680690155018721E-005
   1163.0000000000057       ,     1.1660611619572051E-005
   1164.0000000000057       ,     1.1640584810696257E-005
   1165.0000000000057       ,     1.1620609550865183E-005
   1166.0000000000059       ,     1.1600685663314421E-005
   1167.0000000000059       ,     1.1580812972036015E-005
   1168.0000000000059       ,     1.1560991301775208E-005
   1169.0000000000061       ,     1.1541220478027018E-005
   1170.0000000000061       ,     1.1521500327031221E-005
   1171.0000000000061       ,     1.1501830675769652E-005
   1172.0000000000064       ,     1.1482211351961778E-005
   1173.0000000000064       ,     1.1462642184061111E-005
   1174.0000000000064       ,     1.1443123001251627E-005
   1175.0000000000066       ,     1.1423653633443583E-005
   1176.0000000000066       ,     1.1404233911270351E-005
   1177.0000000000066       ,     1.1384863666084325E-005
   1178.0000000000068       ,     1.1365542729953681E-005
   1179.0000000000068       ,     1.1346270935657982E-005
   1180.0000000000068       ,     1.1327048116685659E-005
   1181.0000000000070       ,     1.1307874107229141E-005
   1182.0000000000070       ,     1.1288748742182515E-005
   1183.0000000000070       ,     1.1269671857137256E-005
   1184.0000000000073       ,     1.1250643288378469E-005
   1185.0000000000073       ,     1.1231662872882293E-005
   1186.0000000000073       ,     1.1212730448311472E-005
   1187.0000000000075       ,     1.1193845853012491E-005
   1188.0000000000075       ,     1.1175008926011735E-005
   1189.0000000000075       ,     1.1156219507012372E-005
   1190.0000000000077       ,     1.1137477436390804E-005
   1191.0000000000077       ,     1.1118782555193193E-005
   1192.0000000000077       ,     1.1100134705132237E-005
   1193.0000000000080       ,     1.1081533728583742E-005
   1194.0000000000080       ,     1.1062979468583114E-005
   1195.0000000000080       ,     1.1044471768822705E-005
   1196.0000000000082       ,     1.1026010473647575E-005
   1197.0000000000082       ,     1.1007595428052951E-005
   1198.0000000000082       ,     1.0989226477680576E-005
   1199.0000000000084       ,     1.0970903468815728E-005
   1200.0000000000084       ,     1.0952626248384074E-005
   1201.0000000000084       ,     1.0934394663947821E-005
   1202.0000000000086       ,     1.0916208563703468E-005
   1203.0000000000086       ,     1.0898067796477897E-005
   1204.0000000000086       ,     1.0879972211725705E-005
   1205.0000000000089       ,     1.0861921659525841E-005
   1206.0000000000089       ,     1.0843915990578502E-005
   1207.0000000000089       ,     1.0825955056202130E-005
   1208.0000000000091       ,     1.0808038708330431E-005
   1209.0000000000091       ,     1.0790166799509013E-005
   1210.0000000000091       ,     1.0772339182892599E-005
   1211.0000000000093       ,     1.0754555712242054E-005
   1212.0000000000093       ,     1.0736816241921426E-005
   1213.0000000000093       ,     1.0719120626894426E-005
   1214.0000000000095       ,     1.0701468722722158E-005
   1215.0000000000095       ,     1.0683860385559850E-005
   1216.0000000000095       ,     1.0666295472153776E-005
   1217.0000000000098       ,     1.0648773839838868E-005
   1218.0000000000098       ,     1.0631295346535091E-005
   1219.0000000000098       ,     1.0613859850745199E-005
   1220.0000000000100       ,     1.0596467211551343E-005
   1221.0000000000100       ,     1.0579117288613034E-005
   1222.0000000000100       ,     1.0561809942163130E-005
   1223.0000000000102       ,     1.0544545033006082E-005
   1224.0000000000102       ,     1.0527322422514532E-005
   1225.0000000000102       ,     1.0510141972626798E-005
   1226.0000000000105       ,     1.0493003545843985E-005
   1227.0000000000105       ,     1.0475907005227472E-005
   1228.0000000000105       ,     1.0458852214395539E-005
   1229.0000000000107       ,     1.0441839037521531E-005
   1230.0000000000107       ,     1.0424867339330440E-005
   1231.0000000000107       ,     1.0407936985096649E-005
   1232.0000000000109       ,     1.0391047840640921E-005
   1233.0000000000109       ,     1.0374199772328236E-005
   1234.0000000000109       ,     1.0357392647064221E-005
   1235.0000000000111       ,     1.0340626332293963E-005
   1236.0000000000111       ,     1.0323900695997748E-005
   1237.0000000000111       ,     1.0307215606689916E-005
   1238.0000000000114       ,     1.0290570933415059E-005
   1239.0000000000114       ,     1.0273966545746547E-005
   1240.0000000000114       ,     1.0257402313783126E-005
   1241.0000000000116       ,     1.0240878108146912E-005
   1242.0000000000116       ,     1.0224393799980334E-005
   1243.0000000000116       ,     1.0207949260944505E-005
   1244.0000000000118       ,     1.0191544363215421E-005
   1245.0000000000118       ,     1.0175178979482836E-005
   1246.0000000000118       ,     1.0158852982946989E-005
   1247.0000000000121       ,     1.0142566247316137E-005
   1248.0000000000121       ,     1.0126318646804622E-005
   1249.0000000000121       ,     1.0110110056130030E-005
   1250.0000000000123       ,     1.0093940350510756E-005
   1251.0000000000123       ,     1.0077809405663562E-005
   1252.0000000000123       ,     1.0061717097801914E-005
   1253.0000000000125       ,     1.0045663303632585E-005
   1254.0000000000125       ,     1.0029647900353973E-005
   1255.0000000000125       ,     1.0013670765653225E-005
   1256.0000000000127       ,     9.9977317777045429E-006
   1257.0000000000127       ,     9.9818308151663975E-006
   1258.0000000000127       ,     9.9659677571794895E-006
   1259.0000000000130       ,     9.9501424833638996E-006
   1260.0000000000130       ,     9.9343548738177656E-006
   1261.0000000000130       ,     9.9186048091138041E-006
   1262.0000000000132       ,     9.9028921702984621E-006
   1263.0000000000132       ,     9.8872168388885285E-006
   1264.0000000000132       ,     9.8715786968690154E-006
   1265.0000000000132       ,     9.8559776266917346E-006
   1266.0000000000134       ,     9.8404135112723722E-006
   1267.0000000000134       ,     9.8248862339883910E-006
   1268.0000000000134       ,     9.8093956786768270E-006
   1269.0000000000136       ,     9.7939417296325867E-006
   1270.0000000000136       ,     9.7785242716057227E-006
   1271.0000000000136       ,     9.7631431897994573E-006
   1272.0000000000139       ,     9.7477983698682253E-006
   1273.0000000000139       ,     9.7324896979151316E-006
   1274.0000000000139       ,     9.7172170604904994E-006
   1275.0000000000141       ,     9.7019803445891930E-006
   1276.0000000000141       ,     9.6867794376484876E-006
   1277.0000000000141       ,     9.6716142275466182E-006
   1278.0000000000143       ,     9.6564846025999954E-006
   1279.0000000000143       ,     9.6413904515615294E-006
   1280.0000000000143       ,     9.6263316636186922E-006
   1281.0000000000146       ,     9.6113081283911272E-006
   1282.0000000000146       ,     9.5963197359288962E-006
   1283.0000000000146       ,     9.5813663767103780E-006
   1284.0000000000148       ,     9.5664479416402127E-006
   1285.0000000000148       ,     9.5515643220475102E-006
   1286.0000000000148       ,     9.5367154096834404E-006
   1287.0000000000150       ,     9.5219010967198569E-006
   1288.0000000000150       ,     9.5071212757470155E-006
   1289.0000000000150       ,     9.4923758397714125E-006
   1290.0000000000152       ,     9.4776646822143242E-006
   1291.0000000000152       ,     9.4629876969094780E-006
   1292.0000000000152       ,     9.4483447781014867E-006
   1293.0000000000155       ,     9.4337358204435174E-006
   1294.0000000000155       ,     9.4191607189960112E-006
   1295.0000000000155       ,     9.4046193692239436E-006
   1296.0000000000157       ,     9.3901116669957828E-006
   1297.0000000000157       ,     9.3756375085811770E-006
   1298.0000000000157       ,     9.3611967906492150E-006
   1299.0000000000159       ,     9.3467894102663931E-006
   1300.0000000000159       ,     9.3324152648951784E-006
   1301.0000000000159       ,     9.3180742523920204E-006
   1302.0000000000161       ,     9.3037662710051075E-006
   1303.0000000000161       ,     9.2894912193732783E-006
   1304.0000000000161       ,     9.2752489965237628E-006
   1305.0000000000164       ,     9.2610395018704449E-006
   1306.0000000000164       ,     9.2468626352122322E-006
   1307.0000000000164       ,     9.2327182967312300E-006
   1308.0000000000166       ,     9.2186063869909051E-006
   1309.0000000000166       ,     9.2045268069344609E-006
   1310.0000000000166       ,     9.1904794578828674E-006
   1311.0000000000168       ,     9.1764642415335464E-006
   1312.0000000000168       ,     9.1624810599582695E-006
   1313.0000000000168       ,     9.1485298156015603E-006
   1314.0000000000171       ,     9.1346104112791409E-006
   1315.0000000000171       ,     9.1207227501758452E-006
   1316.0000000000171       ,     9.1068667358445699E-006
   1317.0000000000173       ,     9.0930422722039266E-006
   1318.0000000000173       ,     9.0792492635372170E-006
   1319.0000000000173       ,     9.0654876144900357E-006
   1320.0000000000175       ,     9.0517572300692928E-006
   1321.0000000000175       ,     9.0380580156413706E-006
   1322.0000000000175       ,     9.0243898769301706E-006
   1323.0000000000177       ,     9.0107527200158545E-006
   1324.0000000000177       ,     8.9971464513335386E-006
   1325.0000000000177       ,     8.9835709776705485E-006
   1326.0000000000180       ,     8.9700262061659830E-006
   1327.0000000000180       ,     8.9565120443088839E-006
   1328.0000000000180       ,     8.9430283999360053E-006
   1329.0000000000182       ,     8.9295751812310288E-006
   1330.0000000000182       ,     8.9161522967227292E-006
   1331.0000000000182       ,     8.9027596552829738E-006
   1332.0000000000184       ,     8.8893971661260242E-006
   1333.0000000000184       ,     8.8760647388062883E-006
   1334.0000000000184       ,     8.8627622832171045E-006
   1335.0000000000186       ,     8.8494897095893075E-006
   1336.0000000000186       ,     8.8362469284892761E-006
   1337.0000000000186       ,     8.8230338508179041E-006
   1338.0000000000189       ,     8.8098503878089375E-006
   1339.0000000000189       ,     8.7966964510274777E-006
   1340.0000000000189       ,     8.7835719523683966E-006
   1341.0000000000191       ,     8.7704768040549930E-006
   1342.0000000000191       ,     8.7574109186373070E-006
   1343.0000000000191       ,     8.7443742089912049E-006
   1344.0000000000193       ,     8.7313665883162807E-006
   1345.0000000000193       ,     8.7183879701346143E-006
   1346.0000000000193       ,     8.7054382682896904E-006
   1347.0000000000196       ,     8.6925173969445826E-006
   1348.0000000000196       ,     8.6796252705804745E-006
   1349.0000000000196       ,     8.6667618039955214E-006
   1350.0000000000198       ,     8.6539269123033306E-006
   1351.0000000000198       ,     8.6411205109316026E-006
   1352.0000000000198       ,     8.6283425156205781E-006
   1353.0000000000200       ,     8.6155928424217312E-006
   1354.0000000000200       ,     8.6028714076966130E-006
   1355.0000000000200       ,     8.5901781281152505E-006
   1356.0000000000202       ,     8.5775129206546132E-006
   1357.0000000000202       ,     8.5648757025976649E-006
   1358.0000000000202       ,     8.5522663915317199E-006
   1359.0000000000205       ,     8.5396849053473711E-006
   1360.0000000000205       ,     8.5271311622365926E-006
   1361.0000000000205       ,     8.5146050806922025E-006
   1362.0000000000207       ,     8.5021065795057419E-006
   1363.0000000000207       ,     8.4896355777670804E-006
   1364.0000000000207       ,     8.4771919948620257E-006
   1365.0000000000209       ,     8.4647757504717763E-006
   1366.0000000000209       ,     8.4523867645715190E-006
   1367.0000000000209       ,     8.4400249574287853E-006
   1368.0000000000211       ,     8.4276902496027811E-006
   1369.0000000000211       ,     8.4153825619424399E-006
   1370.0000000000211       ,     8.4031018155856805E-006
   1371.0000000000214       ,     8.3908479319576085E-006
   1372.0000000000214       ,     8.3786208327698588E-006
   1373.0000000000214       ,     8.3664204400189791E-006
   1374.0000000000216       ,     8.3542466759853886E-006
   1375.0000000000216       ,     8.3420994632318189E-006
   1376.0000000000216       ,     8.3299787246023473E-006
   1377.0000000000216       ,     8.3178843832211258E-006
   1378.0000000000218       ,     8.3058163624911919E-006
   1379.0000000000218       ,     8.2937745860931559E-006
   1380.0000000000218       ,     8.2817589779840115E-006
   1381.0000000000221       ,     8.2697694623960806E-006
   1382.0000000000221       ,     8.2578059638355816E-006
   1383.0000000000221       ,     8.2458684070817602E-006
   1384.0000000000223       ,     8.2339567171852824E-006
   1385.0000000000223       ,     8.2220708194673629E-006
   1386.0000000000223       ,     8.2102106395186899E-006
   1387.0000000000225       ,     8.1983761031978681E-006
   1388.0000000000225       ,     8.1865671366305549E-006
   1389.0000000000225       ,     8.1747836662083675E-006
   1390.0000000000227       ,     8.1630256185873801E-006
   1391.0000000000227       ,     8.1512929206875772E-006
   1392.0000000000227       ,     8.1395854996907833E-006
   1393.0000000000230       ,     8.1279032830406151E-006
   1394.0000000000230       ,     8.1162461984405575E-006
   1395.0000000000230       ,     8.1046141738532772E-006
   1396.0000000000232       ,     8.0930071374993050E-006
   1397.0000000000232       ,     8.0814250178559105E-006
   1398.0000000000232       ,     8.0698677436563506E-006
   1399.0000000000234       ,     8.0583352438879917E-006
   1400.0000000000234       ,     8.0468274477922950E-006
   1401.0000000000234       ,     8.0353442848628124E-006
   1402.0000000000236       ,     8.0238856848444119E-006
   1403.0000000000236       ,     8.0124515777325733E-006
   1404.0000000000236       ,     8.0010418937715737E-006
   1405.0000000000239       ,     7.9896565634543519E-006
   1406.0000000000239       ,     7.9782955175202689E-006
   1407.0000000000239       ,     7.9669586869555433E-006
   1408.0000000000241       ,     7.9556460029907290E-006
   1409.0000000000241       ,     7.9443573971003692E-006
   1410.0000000000241       ,     7.9330928010023513E-006
   1411.0000000000243       ,     7.9218521466561958E-006
   1412.0000000000243       ,     7.9106353662621176E-006
   1413.0000000000243       ,     7.8994423922603794E-006
   1414.0000000000246       ,     7.8882731573298900E-006
   1415.0000000000246       ,     7.8771275943876102E-006
   1416.0000000000246       ,     7.8660056365871313E-006
   1417.0000000000248       ,     7.8549072173176333E-006
   1418.0000000000248       ,     7.8438322702035155E-006
   1419.0000000000248       ,     7.8327807291026973E-006
   1420.0000000000250       ,     7.8217525281058935E-006
   1421.0000000000250       ,     7.8107476015357600E-006
   1422.0000000000250       ,     7.7997658839458184E-006
   1423.0000000000252       ,     7.7888073101193413E-006
   1424.0000000000252       ,     7.7778718150686593E-006
   1425.0000000000252       ,     7.7669593340338987E-006
   1426.0000000000255       ,     7.7560698024823655E-006
   1427.0000000000255       ,     7.7452031561071488E-006
   1428.0000000000255       ,     7.7343593308267368E-006
   1429.0000000000257       ,     7.7235382627835427E-006
   1430.0000000000257       ,     7.7127398883430303E-006
   1431.0000000000257       ,     7.7019641440933181E-006
   1432.0000000000259       ,     7.6912109668436324E-006
   1433.0000000000259       ,     7.6804802936235602E-006
   1434.0000000000259       ,     7.6697720616822800E-006
   1435.0000000000261       ,     7.6590862084874590E-006
   1436.0000000000261       ,     7.6484226717246351E-006
   1437.0000000000261       ,     7.6377813892956595E-006
   1438.0000000000264       ,     7.6271622993187852E-006
   1439.0000000000264       ,     7.6165653401266510E-006
   1440.0000000000264       ,     7.6059904502664710E-006
   1441.0000000000266       ,     7.5954375684981554E-006
   1442.0000000000266       ,     7.5849066337941017E-006
   1443.0000000000266       ,     7.5743975853380202E-006
   1444.0000000000268       ,     7.5639103625243911E-006
   1445.0000000000268       ,     7.5534449049569302E-006
   1446.0000000000268       ,     7.5430011524483883E-006
   1447.0000000000271       ,     7.5325790450192190E-006
   1448.0000000000271       ,     7.5221785228971616E-006
   1449.0000000000271       ,     7.5117995265160599E-006
   1450.0000000000273       ,     7.5014419965148446E-006
   1451.0000000000273       ,     7.4911058737373758E-006
   1452.0000000000273       ,     7.4807910992307263E-006
   1453.0000000000275       ,     7.4704976142449601E-006
   1454.0000000000275       ,     7.4602253602321487E-006
   1455.0000000000275       ,     7.4499742788453557E-006
   1456.0000000000277       ,     7.4397443119380157E-006
   1457.0000000000277       ,     7.4295354015629133E-006
   1458.0000000000277       ,     7.4193474899718746E-006
   1459.0000000000280       ,     7.4091805196140086E-006
   1460.0000000000280       ,     7.3990344331359781E-006
   1461.0000000000280       ,     7.3889091733801355E-006
   1462.0000000000282       ,     7.3788046833847534E-006
   1463.0000000000282       ,     7.3687209063823182E-006
   1464.0000000000282       ,     7.3586577857993611E-006
   1465.0000000000284       ,     7.3486152652553745E-006
   1466.0000000000284       ,     7.3385932885619366E-006
   1467.0000000000284       ,     7.3285917997223031E-006
   1468.0000000000286       ,     7.3186107429302454E-006
   1469.0000000000286       ,     7.3086500625695046E-006
   1470.0000000000286       ,     7.2987097032127758E-006
   1471.0000000000289       ,     7.2887896096213210E-006
   1472.0000000000289       ,     7.2788897267436942E-006
   1473.0000000000289       ,     7.2690099997154368E-006
   1474.0000000000291       ,     7.2591503738581106E-006
   1475.0000000000291       ,     7.2493107946785473E-006
   1476.0000000000291       ,     7.2394912078680731E-006
   1477.0000000000293       ,     7.2296915593020257E-006
   1478.0000000000293       ,     7.2199117950382857E-006
   1479.0000000000293       ,     7.2101518613175838E-006
   1480.0000000000296       ,     7.2004117045619511E-006
   1481.0000000000296       ,     7.1906912713741715E-006
   1482.0000000000296       ,     7.1809905085372732E-006
   1483.0000000000298       ,     7.1713093630134319E-006
   1484.0000000000298       ,     7.1616477819438469E-006
   1485.0000000000298       ,     7.1520057126472525E-006
   1486.0000000000300       ,     7.1423831026197303E-006
   1487.0000000000300       ,     7.1327798995338507E-006
   1488.0000000000300       ,     7.1231960512380781E-006
   1489.0000000000302       ,     7.1136315057556120E-006
   1490.0000000000302       ,     7.1040862112844044E-006
   1491.0000000000302       ,     7.0945601161956599E-006
   1492.0000000000302       ,     7.0850531690339965E-006
   1493.0000000000305       ,     7.0755653185159052E-006
   1494.0000000000305       ,     7.0660965135296238E-006
   1495.0000000000305       ,     7.0566467031342251E-006
   1496.0000000000307       ,     7.0472158365590539E-006
   1497.0000000000307       ,     7.0378038632029490E-006
   1498.0000000000307       ,     7.0284107326334653E-006
   1499.0000000000309       ,     7.0190363945866090E-006
   1500.0000000000309       ,     7.0096807989655244E-006
