   1.0000000000000000       ,   -0.56930519299001103     
   2.0000000000000000       ,   -0.14232629824750276     
   3.0000000000000004       ,    -6.3256132554445940E-002
   4.0000000000000000       ,    -3.5581574561875690E-002
   5.0000000000000000       ,    -2.2772207719600483E-002
   6.0000000000000000       ,    -1.5814033138611489E-002
   7.0000000000000000       ,    -1.1618473326326813E-002
   8.0000000000000000       ,    -8.8953936404689224E-003
   9.0000000000000018       ,    -7.0284591727162631E-003
   10.000000000000002       ,    -5.6930519299001432E-003
   11.000000000000002       ,    -4.7050015949588273E-003
   12.000000000000004       ,    -3.9535082846528817E-003
   13.000000000000004       ,    -3.3686697810060098E-003
   14.000000000000005       ,    -2.9046183315817077E-003
   15.000000000000005       ,    -2.5302453021778487E-003
   16.000000000000004       ,    -2.2238484101172419E-003
   17.000000000000004       ,    -1.9699141625952265E-003
   18.000000000000004       ,    -1.7571147931790658E-003
   19.000000000000000       ,    -1.5770226952631905E-003
   20.000000000000000       ,    -1.4232629824750302E-003
   21.000000000000000       ,    -1.2909414807029855E-003
   22.000000000000000       ,    -1.1762503987397064E-003
   22.999999999999996       ,    -1.0761912910964308E-003
   23.999999999999996       ,    -9.8837707116321890E-004
   24.999999999999996       ,    -9.1088830878401723E-004
   25.999999999999993       ,    -8.4216744525150082E-004
   26.999999999999993       ,    -7.8093990807958096E-004
   27.999999999999993       ,    -7.2615458289542910E-004
   28.999999999999993       ,    -6.7693839832344376E-004
   29.999999999999989       ,    -6.3256132554446000E-004
   30.999999999999993       ,    -5.9240914983352190E-004
   31.999999999999996       ,    -5.5596210252930960E-004
   33.000000000000000       ,    -5.2277795499542550E-004
   34.000000000000000       ,    -4.9247854064880488E-004
   35.000000000000000       ,    -4.6473893305307319E-004
   36.000000000000007       ,    -4.3927869829476644E-004
   37.000000000000007       ,    -4.1585477939372985E-004
   38.000000000000007       ,    -3.9425567381579817E-004
   39.000000000000014       ,    -3.7429664233400194E-004
   40.000000000000014       ,    -3.5581574561875987E-004
   41.000000000000014       ,    -3.3867054907199003E-004
   42.000000000000021       ,    -3.2273537017574487E-004
   43.000000000000021       ,    -3.0789896862629226E-004
   44.000000000000021       ,    -2.9406259968492687E-004
   45.000000000000028       ,    -2.8113836690864925E-004
   46.000000000000028       ,    -2.6904782277410721E-004
   47.000000000000028       ,    -2.5772077545949118E-004
   48.000000000000036       ,    -2.4709426779080532E-004
   49.000000000000036       ,    -2.3711170053728178E-004
   50.000000000000036       ,    -2.2772207719600455E-004
   51.000000000000043       ,    -2.1887935139946649E-004
   52.000000000000043       ,    -2.1054186131287558E-004
   53.000000000000043       ,    -2.0267183801709343E-004
   54.000000000000050       ,    -1.9523497701989467E-004
   55.000000000000050       ,    -1.8820006379835247E-004
   56.000000000000050       ,    -1.8153864572385662E-004
   57.000000000000057       ,    -1.7522474391813342E-004
   58.000000000000057       ,    -1.6923459958086053E-004
   59.000000000000057       ,    -1.6354645015513285E-004
   60.000000000000064       ,    -1.5814033138611525E-004
   61.000000000000057       ,    -1.5299790190540549E-004
   62.000000000000050       ,    -1.4810228745838056E-004
   63.000000000000050       ,    -1.4343794230033203E-004
   64.000000000000043       ,    -1.3899052563232737E-004
   65.000000000000043       ,    -1.3474679124024052E-004
   66.000000000000028       ,    -1.3069448874885613E-004
   67.000000000000028       ,    -1.2682227511472759E-004
   68.000000000000028       ,    -1.2311963516220136E-004
   69.000000000000028       ,    -1.1957681012182633E-004
   70.000000000000014       ,    -1.1618473326326852E-004
   71.000000000000014       ,    -1.1293497182900582E-004
   72.000000000000014       ,    -1.0981967457369161E-004
   73.000000000000000       ,    -1.0683152429912134E-004
   74.000000000000000       ,    -1.0396369484843275E-004
   75.000000000000000       ,    -1.0120981208711312E-004
   75.999999999999986       ,    -9.8563918453949516E-005
   76.999999999999986       ,    -9.6020440713444693E-005
   77.999999999999986       ,    -9.3574160583500472E-005
   78.999999999999986       ,    -9.1220187949049401E-005
   79.999999999999972       ,    -8.8953936404689778E-005
   80.999999999999972       ,    -8.6771100897731494E-005
   81.999999999999972       ,    -8.4667637267997454E-005
   82.999999999999957       ,    -8.2639743502688134E-005
   83.999999999999957       ,    -8.0683842543936596E-005
   84.999999999999957       ,    -7.8796566503808255E-005
   85.999999999999943       ,    -7.6974742156572971E-005
   86.999999999999943       ,    -7.5215377591493761E-005
   87.999999999999943       ,    -7.3515649921231772E-005
   88.999999999999943       ,    -7.1872893951523476E-005
   89.999999999999929       ,    -7.0284591727162474E-005
   90.999999999999929       ,    -6.8748362877673778E-005
   91.999999999999929       ,    -6.7261955693526939E-005
   92.999999999999915       ,    -6.5823238870392186E-005
   93.999999999999915       ,    -6.4430193864872646E-005
   94.999999999999915       ,    -6.3080907810528057E-005
   95.999999999999901       ,    -6.1773566947701276E-005
   96.999999999999901       ,    -6.0506450525030984E-005
   97.999999999999901       ,    -5.9277925134320871E-005
   98.999999999999901       ,    -5.8086439443936263E-005
   99.999999999999886       ,    -5.6930519299001246E-005
   100.99999999999989       ,    -5.5808763159496011E-005
   101.99999999999989       ,    -5.4719837849866684E-005
   102.99999999999987       ,    -5.3662474596099144E-005
   103.99999999999987       ,    -5.2635465328218923E-005
   104.99999999999987       ,    -5.1637659228119305E-005
   105.99999999999986       ,    -5.0667959504273528E-005
   106.99999999999986       ,    -4.9725320376453789E-005
   107.99999999999986       ,    -4.8808744254973708E-005
   108.99999999999986       ,    -4.7917279100245413E-005
   109.99999999999984       ,    -4.7050015949588613E-005
   110.99999999999984       ,    -4.6206086599303349E-005
   111.99999999999984       ,    -4.5384661430964379E-005
   112.99999999999983       ,    -4.4584947371761076E-005
   113.99999999999983       ,    -4.3806185979533525E-005
   114.99999999999983       ,    -4.3047651643857780E-005
   115.99999999999982       ,    -4.2308649895215309E-005
   116.99999999999982       ,    -4.1588515814889217E-005
   117.99999999999982       ,    -4.0886612538783436E-005
   118.99999999999982       ,    -4.0202329848882094E-005
   119.99999999999980       ,    -3.9535082846529137E-005
   120.99999999999980       ,    -3.8884310702139061E-005
   121.99999999999980       ,    -3.8249475476351602E-005
   122.99999999999979       ,    -3.7630061007998780E-005
   123.99999999999979       ,    -3.7025571864595288E-005
   124.99999999999979       ,    -3.6435532351361187E-005
   125.99999999999977       ,    -3.5859485575083211E-005
   126.99999999999977       ,    -3.5296992559366337E-005
   127.99999999999977       ,    -3.4747631408082169E-005
   128.99999999999977       ,    -3.4210996514032838E-005
   129.99999999999977       ,    -3.3686697810060144E-005
   130.99999999999974       ,    -3.3174360060020805E-005
   131.99999999999974       ,    -3.2673622187214229E-005
   132.99999999999974       ,    -3.2184136638024600E-005
   133.99999999999974       ,    -3.1705568778681979E-005
   134.99999999999974       ,    -3.1237596323183405E-005
   135.99999999999974       ,    -3.0779908790550536E-005
   136.99999999999974       ,    -3.0332206989718121E-005
   137.99999999999972       ,    -2.9894202530456726E-005
   138.99999999999972       ,    -2.9465617358833197E-005
   139.99999999999972       ,    -2.9046183315817254E-005
   140.99999999999972       ,    -2.8635641717721346E-005
   141.99999999999972       ,    -2.8233742957251461E-005
   142.99999999999972       ,    -2.7840246124016920E-005
   143.99999999999969       ,    -2.7454918643422960E-005
   144.99999999999969       ,    -2.7077535932937865E-005
   145.99999999999969       ,    -2.6707881074780351E-005
   146.99999999999969       ,    -2.6345744504142715E-005
   147.99999999999969       ,    -2.5990923712108336E-005
   148.99999999999969       ,    -2.5643222962480108E-005
   149.99999999999969       ,    -2.5302453021778493E-005
   150.99999999999966       ,    -2.4968430901715651E-005
   151.99999999999966       ,    -2.4640979613487599E-005
   152.99999999999966       ,    -2.4319927933274452E-005
   153.99999999999966       ,    -2.4005110178361278E-005
   154.99999999999966       ,    -2.3696365993341009E-005
   155.99999999999966       ,    -2.3393540145875304E-005
   156.99999999999966       ,    -2.3096482331535423E-005
   157.99999999999963       ,    -2.2805046987262445E-005
   158.99999999999963       ,    -2.2519093113010499E-005
   159.99999999999963       ,    -2.2238484101172583E-005
   160.99999999999963       ,    -2.1963087573396725E-005
   161.99999999999963       ,    -2.1692775224432979E-005
   162.99999999999963       ,    -2.1427422672664375E-005
   163.99999999999960       ,    -2.1166909316999526E-005
   164.99999999999960       ,    -2.0911118199817003E-005
   165.99999999999960       ,    -2.0659935875672189E-005
   166.99999999999960       ,    -2.0413252285489668E-005
   167.99999999999960       ,    -2.0170960635984156E-005
   168.99999999999960       ,    -1.9932957284059413E-005
   169.99999999999960       ,    -1.9699141625952108E-005
   170.99999999999957       ,    -1.9469415990903788E-005
   171.99999999999957       ,    -1.9243685539143375E-005
   172.99999999999957       ,    -1.9021858163988811E-005
   173.99999999999957       ,    -1.8803844397873467E-005
   174.99999999999957       ,    -1.8589557322122982E-005
   175.99999999999957       ,    -1.8378912480307994E-005
   176.99999999999957       ,    -1.8171827795014877E-005
   177.99999999999955       ,    -1.7968223487880920E-005
   178.99999999999955       ,    -1.7768022002747084E-005
   179.99999999999955       ,    -1.7571147931790676E-005
   180.99999999999955       ,    -1.7377527944507833E-005
   181.99999999999955       ,    -1.7187090719418499E-005
   182.99999999999955       ,    -1.6999766878378452E-005
   183.99999999999952       ,    -1.6815488923381887E-005
   184.99999999999952       ,    -1.6634191175749172E-005
   185.99999999999952       ,    -1.6455809717598090E-005
   186.99999999999952       ,    -1.6280282335497727E-005
   187.99999999999952       ,    -1.6107548466218263E-005
   188.99999999999952       ,    -1.5937549144481353E-005
   189.99999999999952       ,    -1.5770226952632150E-005
   190.99999999999949       ,    -1.5605525972150342E-005
   191.99999999999949       ,    -1.5443391736925471E-005
   192.99999999999949       ,    -1.5283771188220284E-005
   193.99999999999949       ,    -1.5126612631257782E-005
   194.99999999999949       ,    -1.4971865693360129E-005
   195.99999999999949       ,    -1.4819481283580253E-005
   196.99999999999949       ,    -1.4669411553763870E-005
   197.99999999999946       ,    -1.4521609860984044E-005
   198.99999999999946       ,    -1.4376030731295119E-005
   199.99999999999946       ,    -1.4232629824750400E-005
   200.99999999999946       ,    -1.4091363901636546E-005
   201.99999999999946       ,    -1.3952190789874025E-005
   202.99999999999946       ,    -1.3815069353539751E-005
   203.99999999999943       ,    -1.3679959462466720E-005
   204.99999999999943       ,    -1.3546821962879735E-005
   205.99999999999943       ,    -1.3415618649024854E-005
   206.99999999999943       ,    -1.3286312235758481E-005
   207.99999999999943       ,    -1.3158866332054795E-005
   208.99999999999943       ,    -1.3033245415398487E-005
   209.99999999999943       ,    -1.2909414807029884E-005
   210.99999999999940       ,    -1.2787340648009271E-005
   211.99999999999940       ,    -1.2666989876068411E-005
   212.99999999999940       ,    -1.2548330203222799E-005
   213.99999999999940       ,    -1.2431330094113498E-005
   214.99999999999940       ,    -1.2315958745051809E-005
   215.99999999999940       ,    -1.2202186063743505E-005
   216.99999999999937       ,    -1.2089982649663830E-005
   217.99999999999937       ,    -1.1979319775061370E-005
   218.99999999999937       ,    -1.1870169366568989E-005
   219.99999999999937       ,    -1.1762503987397148E-005
   220.99999999999937       ,    -1.1656296820090021E-005
   221.99999999999937       ,    -1.1551521649825893E-005
   222.99999999999937       ,    -1.1448152848237877E-005
   223.99999999999935       ,    -1.1346165357741080E-005
   224.99999999999935       ,    -1.1245534676346078E-005
   225.99999999999935       ,    -1.1146236842940267E-005
   226.99999999999935       ,    -1.1048248423024307E-005
   227.99999999999935       ,    -1.0951546494883390E-005
   228.99999999999935       ,    -1.0856108636181986E-005
   229.99999999999935       ,    -1.0761912910964474E-005
   230.99999999999932       ,    -1.0668937857049527E-005
   231.99999999999932       ,    -1.0577162473803860E-005
   232.99999999999932       ,    -1.0486566210282347E-005
   233.99999999999932       ,    -1.0397128953722369E-005
   234.99999999999932       ,    -1.0308831018379663E-005
   235.99999999999932       ,    -1.0221653134695885E-005
   236.99999999999929       ,    -1.0135576438783264E-005
   237.99999999999929       ,    -1.0050582462220552E-005
   238.99999999999932       ,    -9.9666531221445942E-006
   239.99999999999935       ,    -9.8837707116322926E-006
   240.99999999999937       ,    -9.8019178903603223E-006
   241.99999999999937       ,    -9.7210776755347484E-006
   242.99999999999940       ,    -9.6412334330813276E-006
   243.99999999999943       ,    -9.5623688690879294E-006
   244.99999999999946       ,    -9.4844680214914243E-006
   245.99999999999949       ,    -9.4075152519996883E-006
   246.99999999999949       ,    -9.3314952382438695E-006
   247.99999999999952       ,    -9.2563929661488272E-006
   248.99999999999955       ,    -9.1821937225209175E-006
   249.99999999999957       ,    -9.1088830878402968E-006
   250.99999999999957       ,    -9.0364469292553786E-006
   251.99999999999960       ,    -8.9648713937708011E-006
   252.99999999999963       ,    -8.8941429016234668E-006
   253.99999999999966       ,    -8.8242481398415844E-006
   254.99999999999969       ,    -8.7551740559787415E-006
   255.99999999999969       ,    -8.6869078520205269E-006
   256.99999999999972       ,    -8.6194369784556581E-006
   257.99999999999972       ,    -8.5527491285081874E-006
   258.99999999999977       ,    -8.4868322325250882E-006
   259.99999999999977       ,    -8.4216744525150276E-006
   260.99999999999983       ,    -8.3572641768326614E-006
   261.99999999999983       ,    -8.2935900150051758E-006
   262.99999999999983       ,    -8.2306407926963782E-006
   263.99999999999989       ,    -8.1684055468035065E-006
   264.99999999999989       ,    -8.1068735206837766E-006
   265.99999999999994       ,    -8.0460341595061281E-006
   266.99999999999994       ,    -7.9858771057248039E-006
   267.99999999999994       ,    -7.9263921946704913E-006
   269.00000000000000       ,    -7.8675694502566271E-006
   270.00000000000000       ,    -7.8093990807958444E-006
   271.00000000000006       ,    -7.7518714749256511E-006
   272.00000000000006       ,    -7.6949771976376034E-006
   273.00000000000006       ,    -7.6387069864082105E-006
   274.00000000000011       ,    -7.5830517474294820E-006
   275.00000000000011       ,    -7.5280025519341234E-006
   276.00000000000011       ,    -7.4735506326141408E-006
   277.00000000000017       ,    -7.4196873801302337E-006
   278.00000000000017       ,    -7.3664043397082611E-006
   279.00000000000023       ,    -7.3136932078212344E-006
   280.00000000000023       ,    -7.2615458289542661E-006
   281.00000000000023       ,    -7.2099541924496223E-006
   282.00000000000028       ,    -7.1589104294302976E-006
   283.00000000000028       ,    -7.1084068097992425E-006
   284.00000000000034       ,    -7.0584357393128518E-006
   285.00000000000034       ,    -7.0089897567253396E-006
   286.00000000000034       ,    -6.9600615310041640E-006
   287.00000000000040       ,    -6.9116438586120411E-006
   288.00000000000040       ,    -6.8637296608556943E-006
   289.00000000000045       ,    -6.8163119812983136E-006
   290.00000000000045       ,    -6.7693839832343935E-006
   291.00000000000045       ,    -6.7229389472256508E-006
   292.00000000000051       ,    -6.6769702686950574E-006
   293.00000000000051       ,    -6.6314714555791828E-006
   294.00000000000057       ,    -6.5864361260356043E-006
   295.00000000000057       ,    -6.5418580062052915E-006
   296.00000000000057       ,    -6.4977309280270288E-006
   297.00000000000063       ,    -6.4540488271039756E-006
   298.00000000000063       ,    -6.4108057406199457E-006
   299.00000000000063       ,    -6.3679958053043455E-006
   300.00000000000068       ,    -6.3256132554445868E-006
   301.00000000000068       ,    -6.2836524209447486E-006
   302.00000000000074       ,    -6.2421077254288688E-006
   303.00000000000074       ,    -6.2009736843883725E-006
   304.00000000000074       ,    -6.1602449033718473E-006
   305.00000000000080       ,    -6.1199160762161881E-006
   306.00000000000080       ,    -6.0799819833185291E-006
   307.00000000000085       ,    -6.0404374899469936E-006
   308.00000000000085       ,    -6.0012775445902544E-006
   309.00000000000085       ,    -5.9624971773443124E-006
   310.00000000000091       ,    -5.9240914983351828E-006
   311.00000000000091       ,    -5.8860556961777605E-006
   312.00000000000097       ,    -5.8483850364687397E-006
   313.00000000000097       ,    -5.8110748603130947E-006
   314.00000000000097       ,    -5.7741205828838236E-006
   315.00000000000102       ,    -5.7375176920132280E-006
   316.00000000000102       ,    -5.7012617468155461E-006
   317.00000000000108       ,    -5.6653483763398177E-006
   318.00000000000108       ,    -5.6297732782525273E-006
   319.00000000000108       ,    -5.5945322175490695E-006
   320.00000000000114       ,    -5.5596210252930535E-006
   321.00000000000114       ,    -5.5250355973837084E-006
   322.00000000000114       ,    -5.4907718933491229E-006
   323.00000000000119       ,    -5.4568259351667704E-006
   324.00000000000119       ,    -5.4231938061081718E-006
   325.00000000000125       ,    -5.3898716496096086E-006
   326.00000000000125       ,    -5.3568556681660295E-006
   327.00000000000125       ,    -5.3241421222494373E-006
   328.00000000000131       ,    -5.2917273292498180E-006
   329.00000000000131       ,    -5.2596076624385450E-006
   330.00000000000136       ,    -5.2277795499541966E-006
   331.00000000000136       ,    -5.1962394738092246E-006
   332.00000000000136       ,    -5.1649839689179651E-006
   333.00000000000142       ,    -5.1340096221447603E-006
   334.00000000000142       ,    -5.1033130713723459E-006
   335.00000000000148       ,    -5.0728910045890845E-006
   336.00000000000148       ,    -5.0427401589959805E-006
   337.00000000000148       ,    -5.0128573201314825E-006
   338.00000000000153       ,    -4.9832393210147865E-006
   339.00000000000153       ,    -4.9538830413067503E-006
   340.00000000000153       ,    -4.9247854064879618E-006
   341.00000000000159       ,    -4.8959433870538441E-006
   342.00000000000159       ,    -4.8673539977258717E-006
   343.00000000000165       ,    -4.8390142966791908E-006
   344.00000000000165       ,    -4.8109213847857751E-006
   345.00000000000165       ,    -4.7830724048730007E-006
   346.00000000000171       ,    -4.7554645409971256E-006
   347.00000000000171       ,    -4.7280950177313161E-006
   348.00000000000176       ,    -4.7009610994682957E-006
   349.00000000000176       ,    -4.6740600897366207E-006
   350.00000000000176       ,    -4.6473893305306829E-006
   351.00000000000182       ,    -4.6209462016542765E-006
   352.00000000000182       ,    -4.5947281200769366E-006
   353.00000000000188       ,    -4.5687325393029892E-006
   354.00000000000188       ,    -4.5429569487536464E-006
   355.00000000000188       ,    -4.5173988731601441E-006
   356.00000000000193       ,    -4.4920558719701588E-006
   357.00000000000193       ,    -4.4669255387645739E-006
   358.00000000000199       ,    -4.4420055006867032E-006
   359.00000000000199       ,    -4.4172934178817030E-006
   360.00000000000199       ,    -4.3927869829476013E-006
   361.00000000000205       ,    -4.3684839203966290E-006
   362.00000000000205       ,    -4.3443819861268753E-006
   363.00000000000205       ,    -4.3204789669042768E-006
   364.00000000000210       ,    -4.2967726798545467E-006
   365.00000000000210       ,    -4.2732609719648097E-006
   366.00000000000216       ,    -4.2499417195945434E-006
   367.00000000000216       ,    -4.2268128279964343E-006
   368.00000000000216       ,    -4.2038722308454057E-006
   369.00000000000222       ,    -4.1811178897776250E-006
   370.00000000000222       ,    -4.1585477939372218E-006
   371.00000000000227       ,    -4.1361599595324936E-006
   372.00000000000227       ,    -4.1139524293994506E-006
   373.00000000000227       ,    -4.0919232725744648E-006
   374.00000000000233       ,    -4.0700705838743463E-006
   375.00000000000233       ,    -4.0483924834844918E-006
   376.00000000000239       ,    -4.0268871165545023E-006
   377.00000000000239       ,    -4.0055526528013838E-006
   378.00000000000239       ,    -3.9843872861202746E-006
   379.00000000000244       ,    -3.9633892342020256E-006
   380.00000000000244       ,    -3.9425567381579748E-006
   381.00000000000244       ,    -3.9218880621517288E-006
   382.00000000000250       ,    -3.9013814930375330E-006
   383.00000000000250       ,    -3.8810353400051047E-006
   384.00000000000256       ,    -3.8608479342312891E-006
   385.00000000000256       ,    -3.8408176285377589E-006
   386.00000000000256       ,    -3.8209427970550159E-006
   387.00000000000261       ,    -3.8012218348924487E-006
   388.00000000000261       ,    -3.7816531578143866E-006
   389.00000000000267       ,    -3.7622352019217898E-006
   390.00000000000267       ,    -3.7429664233399654E-006
   391.00000000000267       ,    -3.7238452979114830E-006
   392.00000000000273       ,    -3.7048703208949985E-006
   393.00000000000273       ,    -3.6860400066689295E-006
   394.00000000000279       ,    -3.6673528884408752E-006
   395.00000000000279       ,    -3.6488075179619209E-006
   396.00000000000279       ,    -3.6304024652459631E-006
   397.00000000000284       ,    -3.6121363182940347E-006
   398.00000000000284       ,    -3.5940076828237145E-006
   399.00000000000290       ,    -3.5760151820026867E-006
   400.00000000000290       ,    -3.5581574561875309E-006
   401.00000000000290       ,    -3.5404331626669400E-006
   402.00000000000296       ,    -3.5228409754090645E-006
   403.00000000000296       ,    -3.5053795848136988E-006
   404.00000000000296       ,    -3.4880476974684296E-006
   405.00000000000301       ,    -3.4708440359092014E-006
   406.00000000000301       ,    -3.4537673383848737E-006
   407.00000000000307       ,    -3.4368163586258101E-006
   408.00000000000307       ,    -3.4199898656166144E-006
   409.00000000000307       ,    -3.4032866433725772E-006
   410.00000000000313       ,    -3.3867054907198538E-006
   411.00000000000313       ,    -3.3702452210797206E-006
   412.00000000000318       ,    -3.3539046622561283E-006
   413.00000000000318       ,    -3.3376826562271459E-006
   414.00000000000318       ,    -3.3215780589395462E-006
   415.00000000000324       ,    -3.3055897401074531E-006
   416.00000000000324       ,    -3.2897165830136361E-006
   417.00000000000330       ,    -3.2739574843147772E-006
   418.00000000000330       ,    -3.2583113538495412E-006
   419.00000000000330       ,    -3.2427771144502945E-006
   420.00000000000335       ,    -3.2273537017573909E-006
   421.00000000000335       ,    -3.2120400640371216E-006
   422.00000000000335       ,    -3.1968351620022513E-006
   423.00000000000341       ,    -3.1817379686356547E-006
   424.00000000000341       ,    -3.1667474690170345E-006
   425.00000000000347       ,    -3.1518626601522803E-006
   426.00000000000347       ,    -3.1370825508056452E-006
   427.00000000000347       ,    -3.1224061613347861E-006
   428.00000000000352       ,    -3.1078325235283021E-006
   429.00000000000352       ,    -3.0933606804462695E-006
   430.00000000000358       ,    -3.0789896862628739E-006
   431.00000000000358       ,    -3.0647186061121861E-006
   432.00000000000358       ,    -3.0505465159358110E-006
   433.00000000000364       ,    -3.0364725023335150E-006
   434.00000000000364       ,    -3.0224956624158877E-006
   435.00000000000369       ,    -3.0086151036596961E-006
   436.00000000000369       ,    -2.9948299437652782E-006
   437.00000000000369       ,    -2.9811393105164129E-006
   438.00000000000375       ,    -2.9675423416421947E-006
   439.00000000000375       ,    -2.9540381846815117E-006
   440.00000000000381       ,    -2.9406259968492248E-006
   441.00000000000381       ,    -2.9273049449046655E-006
   442.00000000000381       ,    -2.9140742050224393E-006
   443.00000000000387       ,    -2.9009329626648175E-006
   444.00000000000387       ,    -2.8878804124564063E-006
   445.00000000000387       ,    -2.8749157580608953E-006
   446.00000000000392       ,    -2.8620382120593982E-006
   447.00000000000392       ,    -2.8492469958310571E-006
   448.00000000000398       ,    -2.8365413394352174E-006
   449.00000000000398       ,    -2.8239204814956632E-006
   450.00000000000398       ,    -2.8113836690864450E-006
   451.00000000000404       ,    -2.7989301576196999E-006
   452.00000000000404       ,    -2.7865592107350160E-006
   453.00000000000409       ,    -2.7742701001905729E-006
   454.00000000000409       ,    -2.7620621057560043E-006
   455.00000000000409       ,    -2.7499345151069041E-006
   456.00000000000415       ,    -2.7378866237207894E-006
   457.00000000000415       ,    -2.7259177347749057E-006
   458.00000000000421       ,    -2.7140271590454278E-006
   459.00000000000421       ,    -2.7022142148081980E-006
   460.00000000000421       ,    -2.6904782277410558E-006
   461.00000000000426       ,    -2.6788185308275670E-006
   462.00000000000426       ,    -2.6672344642623190E-006
   463.00000000000426       ,    -2.6557253753574704E-006
   464.00000000000432       ,    -2.6442906184508908E-006
   465.00000000000432       ,    -2.6329295548156178E-006
   466.00000000000438       ,    -2.6216415525705347E-006
   467.00000000000438       ,    -2.6104259865926538E-006
   468.00000000000438       ,    -2.5992822384305299E-006
   469.00000000000443       ,    -2.5882096962188988E-006
   470.00000000000443       ,    -2.5772077545948594E-006
   471.00000000000449       ,    -2.5662758146149904E-006
   472.00000000000449       ,    -2.5554132836739021E-006
   473.00000000000449       ,    -2.5446195754238711E-006
   474.00000000000455       ,    -2.5338941096957504E-006
   475.00000000000455       ,    -2.5232363124210769E-006
   476.00000000000460       ,    -2.5126456155550737E-006
   477.00000000000460       ,    -2.5021214570011125E-006
   478.00000000000455       ,    -2.4916632805360753E-006
   479.00000000000455       ,    -2.4812705357368812E-006
   480.00000000000449       ,    -2.4709426779080054E-006
   481.00000000000449       ,    -2.4606791680101799E-006
   482.00000000000443       ,    -2.4504794725900200E-006
   483.00000000000443       ,    -2.4403430637107121E-006
   484.00000000000438       ,    -2.4302694188836409E-006
   485.00000000000438       ,    -2.4202580210012045E-006
   486.00000000000432       ,    -2.4103083582702819E-006
   487.00000000000432       ,    -2.4004199241469481E-006
   488.00000000000426       ,    -2.3905922172719307E-006
   489.00000000000421       ,    -2.3808247414070967E-006
   490.00000000000421       ,    -2.3711170053728040E-006
   491.00000000000415       ,    -2.3614685229860680E-006
   492.00000000000415       ,    -2.3518788129998793E-006
   493.00000000000409       ,    -2.3423473990430175E-006
   494.00000000000409       ,    -2.3328738095609216E-006
   495.00000000000404       ,    -2.3234575777574012E-006
   496.00000000000404       ,    -2.3140982415371619E-006
   497.00000000000398       ,    -2.3047953434490593E-006
   498.00000000000398       ,    -2.2955484306301908E-006
   499.00000000000392       ,    -2.2863570547508050E-006
   500.00000000000392       ,    -2.2772207719600395E-006
   501.00000000000387       ,    -2.2681391428321356E-006
   502.00000000000381       ,    -2.2591117323138027E-006
   503.00000000000381       ,    -2.2501381096720083E-006
   504.00000000000375       ,    -2.2412178484426660E-006
   505.00000000000375       ,    -2.2323505263798090E-006
   506.00000000000369       ,    -2.2235357254058248E-006
   507.00000000000369       ,    -2.2147730315621093E-006
   508.00000000000364       ,    -2.2060620349603465E-006
   509.00000000000364       ,    -2.1974023297347386E-006
   510.00000000000358       ,    -2.1887935139946435E-006
   511.00000000000358       ,    -2.1802351897779561E-006
   512.00000000000352       ,    -2.1717269630050957E-006
   513.00000000000352       ,    -2.1632684434337157E-006
   514.00000000000341       ,    -2.1548592446138832E-006
   515.00000000000341       ,    -2.1464989838439509E-006
   516.00000000000341       ,    -2.1381872821270117E-006
   517.00000000000341       ,    -2.1299237641280091E-006
   518.00000000000330       ,    -2.1217080581312411E-006
   519.00000000000330       ,    -2.1135397959987016E-006
   520.00000000000330       ,    -2.1054186131287302E-006
   521.00000000000330       ,    -2.0973441484153344E-006
   522.00000000000318       ,    -2.0893160442081391E-006
   523.00000000000318       ,    -2.0813339462726455E-006
   524.00000000000318       ,    -2.0733975037512651E-006
   525.00000000000307       ,    -2.0655063691247426E-006
   526.00000000000307       ,    -2.0576601981740772E-006
   527.00000000000307       ,    -2.0498586499429530E-006
   528.00000000000307       ,    -2.0421013867008550E-006
   529.00000000000296       ,    -2.0343880739062852E-006
   530.00000000000296       ,    -2.0267183801709204E-006
   531.00000000000296       ,    -2.0190919772238554E-006
   532.00000000000296       ,    -2.0115085398765096E-006
   533.00000000000284       ,    -2.0039677459880855E-006
   534.00000000000284       ,    -1.9964692764311777E-006
   535.00000000000284       ,    -1.9890128150581161E-006
   536.00000000000284       ,    -1.9815980486675978E-006
   537.00000000000273       ,    -1.9742246669718593E-006
   538.00000000000273       ,    -1.9668923625641369E-006
   539.00000000000273       ,    -1.9596008308866094E-006
   540.00000000000261       ,    -1.9523497701989391E-006
   541.00000000000261       ,    -1.9451388815468501E-006
   542.00000000000261       ,    -1.9379678687313988E-006
   543.00000000000261       ,    -1.9308364382786010E-006
   544.00000000000250       ,    -1.9237442994093788E-006
   545.00000000000250       ,    -1.9166911640097967E-006
   546.00000000000250       ,    -1.9096767466020332E-006
   547.00000000000250       ,    -1.9027007643152831E-006
   548.00000000000239       ,    -1.8957629368573546E-006
   549.00000000000239       ,    -1.8888629864864839E-006
   550.00000000000239       ,    -1.8820006379835188E-006
   551.00000000000227       ,    -1.8751756186244800E-006
   552.00000000000227       ,    -1.8683876581535235E-006
   553.00000000000227       ,    -1.8616364887560998E-006
   554.00000000000227       ,    -1.8549218450325552E-006
   555.00000000000216       ,    -1.8482434639721079E-006
   556.00000000000216       ,    -1.8416010849270543E-006
   557.00000000000216       ,    -1.8349944495873029E-006
   558.00000000000216       ,    -1.8284233019553014E-006
   559.00000000000205       ,    -1.8218873883212547E-006
   560.00000000000205       ,    -1.8153864572385487E-006
   561.00000000000205       ,    -1.8089202594997224E-006
   562.00000000000193       ,    -1.8024885481123969E-006
   563.00000000000193       ,    -1.7960910782758408E-006
   564.00000000000193       ,    -1.7897276073575700E-006
   565.00000000000193       ,    -1.7833978948704283E-006
   566.00000000000182       ,    -1.7771017024498119E-006
   567.00000000000182       ,    -1.7708387938312409E-006
   568.00000000000182       ,    -1.7646089348282049E-006
   569.00000000000182       ,    -1.7584118933102246E-006
   570.00000000000171       ,    -1.7522474391813220E-006
   571.00000000000171       ,    -1.7461153443585635E-006
   572.00000000000171       ,    -1.7400153827510374E-006
   573.00000000000171       ,    -1.7339473302389183E-006
   574.00000000000159       ,    -1.7279109646530060E-006
   575.00000000000159       ,    -1.7219060657542808E-006
   576.00000000000159       ,    -1.7159324152139204E-006
   577.00000000000148       ,    -1.7099897965933118E-006
   578.00000000000148       ,    -1.7040779953245691E-006
   579.00000000000148       ,    -1.6981967986911396E-006
   580.00000000000148       ,    -1.6923459958085933E-006
   581.00000000000136       ,    -1.6865253776058599E-006
   582.00000000000136       ,    -1.6807347368064066E-006
   583.00000000000136       ,    -1.6749738679098494E-006
   584.00000000000136       ,    -1.6692425671737635E-006
   585.00000000000125       ,    -1.6635406325955385E-006
   586.00000000000125       ,    -1.6578678638947902E-006
   587.00000000000125       ,    -1.6522240624955052E-006
   588.00000000000114       ,    -1.6466090315089015E-006
   589.00000000000114       ,    -1.6410225757161256E-006
   590.00000000000114       ,    -1.6354645015513229E-006
   591.00000000000114       ,    -1.6299346170848426E-006
   592.00000000000102       ,    -1.6244327320067576E-006
   593.00000000000102       ,    -1.6189586576103215E-006
   594.00000000000102       ,    -1.6135122067759930E-006
   595.00000000000102       ,    -1.6080931939552790E-006
   596.00000000000091       ,    -1.6027014351549921E-006
   597.00000000000091       ,    -1.5973367479216654E-006
   598.00000000000091       ,    -1.5919989513260908E-006
   599.00000000000080       ,    -1.5866878659480225E-006
   600.00000000000080       ,    -1.5814033138611507E-006
   601.00000000000080       ,    -1.5761451186182040E-006
   602.00000000000080       ,    -1.5709131052361905E-006
   603.00000000000068       ,    -1.5657071001818226E-006
   604.00000000000068       ,    -1.5605269313572206E-006
   605.00000000000068       ,    -1.5553724280855462E-006
   606.00000000000068       ,    -1.5502434210970925E-006
   607.00000000000057       ,    -1.5451397425152887E-006
   608.00000000000057       ,    -1.5400612258429661E-006
   609.00000000000057       ,    -1.5350077059488379E-006
   610.00000000000057       ,    -1.5299790190540568E-006
   611.00000000000045       ,    -1.5249750027188874E-006
   612.00000000000045       ,    -1.5199954958296431E-006
   613.00000000000045       ,    -1.5150403385857056E-006
   614.00000000000034       ,    -1.5101093724867562E-006
   615.00000000000034       ,    -1.5052024403199609E-006
   616.00000000000034       ,    -1.5003193861475710E-006
   617.00000000000034       ,    -1.4954600552945288E-006
   618.00000000000023       ,    -1.4906242943360876E-006
   619.00000000000023       ,    -1.4858119510858710E-006
   620.00000000000023       ,    -1.4810228745838129E-006
   621.00000000000023       ,    -1.4762569150842567E-006
   622.00000000000011       ,    -1.4715139240444516E-006
   623.00000000000011       ,    -1.4667937541127279E-006
   624.00000000000011       ,    -1.4620962591171951E-006
   625.00000000000000       ,    -1.4574212940544303E-006
   626.00000000000000       ,    -1.4527687150782874E-006
   627.00000000000000       ,    -1.4481383794887106E-006
   628.00000000000000       ,    -1.4435301457209667E-006
   628.99999999999989       ,    -1.4389438733347020E-006
   629.99999999999989       ,    -1.4343794230033117E-006
   630.99999999999989       ,    -1.4298366565033051E-006
   631.99999999999989       ,    -1.4253154367038969E-006
   632.99999999999977       ,    -1.4208156275565723E-006
   633.99999999999977       ,    -1.4163370940849667E-006
   634.99999999999977       ,    -1.4118797023746412E-006
   635.99999999999966       ,    -1.4074433195631448E-006
   636.99999999999966       ,    -1.4030278138300761E-006
   637.99999999999966       ,    -1.3986330543872832E-006
   638.99999999999966       ,    -1.3942589114692070E-006
   639.99999999999955       ,    -1.3899052563232788E-006
   640.99999999999955       ,    -1.3855719612004842E-006
   641.99999999999955       ,    -1.3812588993459404E-006
   642.99999999999955       ,    -1.3769659449896335E-006
   643.99999999999943       ,    -1.3726929733372945E-006
   644.99999999999943       ,    -1.3684398605613108E-006
   645.99999999999943       ,    -1.3642064837917025E-006
   646.99999999999932       ,    -1.3599927211073221E-006
   647.99999999999932       ,    -1.3557984515270578E-006
   648.99999999999932       ,    -1.3516235550010981E-006
   649.99999999999932       ,    -1.3474679124024174E-006
   650.99999999999920       ,    -1.3433314055181944E-006
   651.99999999999920       ,    -1.3392139170415158E-006
   652.99999999999920       ,    -1.3351153305629507E-006
   653.99999999999920       ,    -1.3310355305623674E-006
   654.99999999999909       ,    -1.3269744024008315E-006
   655.99999999999909       ,    -1.3229318323124630E-006
   656.99999999999909       ,    -1.3189077073965559E-006
   657.99999999999909       ,    -1.3149019156096543E-006
   658.99999999999898       ,    -1.3109143457577394E-006
   659.99999999999898       ,    -1.3069448874885627E-006
   660.99999999999898       ,    -1.3029934312839581E-006
   661.99999999999886       ,    -1.2990598684523210E-006
   662.99999999999886       ,    -1.2951440911211141E-006
   663.99999999999886       ,    -1.2912459922295061E-006
   664.99999999999886       ,    -1.2873654655209779E-006
   665.99999999999875       ,    -1.2835024055362096E-006
   666.99999999999875       ,    -1.2796567076057564E-006
   667.99999999999875       ,    -1.2758282678431034E-006
   668.99999999999875       ,    -1.2720169831375395E-006
   669.99999999999864       ,    -1.2682227511472893E-006
   670.99999999999864       ,    -1.2644454702926184E-006
   671.99999999999864       ,    -1.2606850397490129E-006
   672.99999999999852       ,    -1.2569413594404738E-006
   673.99999999999852       ,    -1.2532143300328865E-006
   674.99999999999852       ,    -1.2495038529273319E-006
   675.99999999999852       ,    -1.2458098302537123E-006
   676.99999999999841       ,    -1.2421321648641491E-006
   677.99999999999841       ,    -1.2384707603267026E-006
   678.99999999999841       ,    -1.2348255209189978E-006
   679.99999999999841       ,    -1.2311963516220067E-006
   680.99999999999829       ,    -1.2275831581138137E-006
   681.99999999999829       ,    -1.2239858467634776E-006
   682.99999999999829       ,    -1.2204043246250576E-006
   683.99999999999818       ,    -1.2168384994314870E-006
   684.99999999999818       ,    -1.2132882795887309E-006
   685.99999999999818       ,    -1.2097535741698125E-006
   686.99999999999818       ,    -1.2062342929091089E-006
   687.99999999999807       ,    -1.2027303461964616E-006
   688.99999999999807       ,    -1.1992416450715612E-006
   689.99999999999807       ,    -1.1957681012182688E-006
   690.99999999999807       ,    -1.1923096269590223E-006
   691.99999999999795       ,    -1.1888661352493003E-006
   692.99999999999795       ,    -1.1854375396721643E-006
   693.99999999999795       ,    -1.1820237544328491E-006
   694.99999999999795       ,    -1.1786246943533250E-006
   695.99999999999784       ,    -1.1752402748670957E-006
   696.99999999999784       ,    -1.1718704120138106E-006
   697.99999999999784       ,    -1.1685150224341795E-006
   698.99999999999773       ,    -1.1651740233647025E-006
   699.99999999999773       ,    -1.1618473326326872E-006
   700.99999999999773       ,    -1.1585348686510971E-006
   701.99999999999773       ,    -1.1552365504135905E-006
   702.99999999999761       ,    -1.1519522974895690E-006
   703.99999999999761       ,    -1.1486820300192532E-006
   704.99999999999761       ,    -1.1454256687088601E-006
   705.99999999999761       ,    -1.1421831348257731E-006
   706.99999999999750       ,    -1.1389543501937921E-006
   707.99999999999750       ,    -1.1357392371884279E-006
   708.99999999999750       ,    -1.1325377187321986E-006
   709.99999999999739       ,    -1.1293497182900593E-006
   710.99999999999739       ,    -1.1261751598648093E-006
   711.99999999999739       ,    -1.1230139679925571E-006
   712.99999999999739       ,    -1.1198660677382399E-006
   713.99999999999727       ,    -1.1167313846911664E-006
   714.99999999999727       ,    -1.1136098449606710E-006
   715.99999999999727       ,    -1.1105013751716944E-006
   716.99999999999727       ,    -1.1074059024605068E-006
   717.99999999999716       ,    -1.1043233544704484E-006
   718.99999999999716       ,    -1.1012536593476485E-006
   719.99999999999716       ,    -1.0981967457369204E-006
   720.99999999999704       ,    -1.0951525427775433E-006
   721.99999999999704       ,    -1.0921209800991740E-006
   722.99999999999704       ,    -1.0891019878178251E-006
   723.99999999999704       ,    -1.0860954965317423E-006
   724.99999999999693       ,    -1.0831014373175174E-006
   725.99999999999693       ,    -1.0801197417260868E-006
   726.99999999999693       ,    -1.0771503417788248E-006
   727.99999999999693       ,    -1.0741931699636555E-006
   728.99999999999682       ,    -1.0712481592312636E-006
   729.99999999999682       ,    -1.0683152429912211E-006
   730.99999999999682       ,    -1.0653943551082925E-006
   731.99999999999682       ,    -1.0624854298986621E-006
   732.99999999999670       ,    -1.0595884021262647E-006
   733.99999999999670       ,    -1.0567032069991302E-006
   734.99999999999670       ,    -1.0538297801657082E-006
   735.99999999999659       ,    -1.0509680577113694E-006
   736.99999999999659       ,    -1.0481179761547910E-006
   737.99999999999659       ,    -1.0452794724444293E-006
   738.99999999999659       ,    -1.0424524839550581E-006
   739.99999999999648       ,    -1.0396369484843283E-006
   740.99999999999648       ,    -1.0368328042493192E-006
   741.99999999999648       ,    -1.0340399898831471E-006
   742.99999999999648       ,    -1.0312584444315934E-006
   743.99999999999636       ,    -1.0284881073498840E-006
   744.99999999999636       ,    -1.0257289184992070E-006
   745.99999999999636       ,    -1.0229808181436359E-006
   746.99999999999625       ,    -1.0202437469467735E-006
   747.99999999999625       ,    -1.0175176459686116E-006
   748.99999999999625       ,    -1.0148024566623226E-006
   749.99999999999625       ,    -1.0120981208711410E-006
   750.99999999999613       ,    -1.0094045808252478E-006
   751.99999999999613       ,    -1.0067217791386467E-006
   752.99999999999613       ,    -1.0040496588061553E-006
   753.99999999999613       ,    -1.0013881632003724E-006
   754.99999999999602       ,    -9.9873723606863321E-007
   755.99999999999602       ,    -9.9609682153009301E-007
   756.99999999999602       ,    -9.9346686407274400E-007
   757.99999999999591       ,    -9.9084730855052820E-007
   758.99999999999591       ,    -9.8823810018039542E-007
   759.99999999999591       ,    -9.8563918453951296E-007
   760.99999999999591       ,    -9.8305050756235671E-007
   761.99999999999579       ,    -9.8047201553795401E-007
   762.99999999999579       ,    -9.7790365510705926E-007
   763.99999999999579       ,    -9.7534537325940591E-007
   764.99999999999579       ,    -9.7279711733097373E-007
   765.99999999999568       ,    -9.7025883500129757E-007
   766.99999999999568       ,    -9.6773047429073355E-007
   767.99999999999568       ,    -9.6521198355784578E-007
   768.99999999999568       ,    -9.6270331149673501E-007
   769.99999999999557       ,    -9.6020440713446323E-007
   770.99999999999557       ,    -9.5771521982841770E-007
   771.99999999999557       ,    -9.5523569926377769E-007
   772.99999999999545       ,    -9.5276579545097010E-007
   773.99999999999545       ,    -9.5030545872313429E-007
   774.99999999999545       ,    -9.4785463973364864E-007
   775.99999999999545       ,    -9.4541328945362025E-007
   776.99999999999534       ,    -9.4298135916946498E-007
   777.99999999999534       ,    -9.4055880048047413E-007
   778.99999999999534       ,    -9.3814556529638569E-007
   779.99999999999534       ,    -9.3574160583501613E-007
   780.99999999999523       ,    -9.3334687461989145E-007
   781.99999999999523       ,    -9.3096132447789403E-007
   782.99999999999523       ,    -9.2858490853696625E-007
   783.99999999999511       ,    -9.2621758022377494E-007
   784.99999999999511       ,    -9.2385929326142750E-007
   785.99999999999511       ,    -9.2151000166725343E-007
   786.99999999999511       ,    -9.1916965975052559E-007
   787.99999999999500       ,    -9.1683822211024304E-007
   788.99999999999500       ,    -9.1451564363294038E-007
   789.99999999999500       ,    -9.1220187949050383E-007
   790.99999999999500       ,    -9.0989688513798960E-007
   791.99999999999488       ,    -9.0760061631151681E-007
   792.99999999999488       ,    -9.0531302902608012E-007
   793.99999999999488       ,    -9.0303407957353208E-007
   794.99999999999477       ,    -9.0076372452042195E-007
   795.99999999999477       ,    -8.9850192070595446E-007
   796.99999999999477       ,    -8.9624862523992249E-007
   797.99999999999477       ,    -8.9400379550069837E-007
   798.99999999999466       ,    -8.9176738913319895E-007
   799.99999999999466       ,    -8.8953936404690888E-007
   800.99999999999466       ,    -8.8731967841387859E-007
   801.99999999999466       ,    -8.8510829066676084E-007
   802.99999999999454       ,    -8.8290515949688586E-007
   803.99999999999454       ,    -8.8071024385228951E-007
   804.99999999999454       ,    -8.7852350293588083E-007
   805.99999999999443       ,    -8.7634489620344810E-007
   806.99999999999443       ,    -8.7417438336185127E-007
   807.99999999999443       ,    -8.7201192436713100E-007
   808.99999999999443       ,    -8.6985747942266324E-007
   809.99999999999432       ,    -8.6771100897732269E-007
   810.99999999999432       ,    -8.6557247372369332E-007
   811.99999999999432       ,    -8.6344183459624374E-007
   812.99999999999432       ,    -8.6131905276953270E-007
   813.99999999999420       ,    -8.5920408965647793E-007
   814.99999999999420       ,    -8.5709690690657991E-007
   815.99999999999420       ,    -8.5499746640417806E-007
   816.99999999999420       ,    -8.5290573026675635E-007
   817.99999999999409       ,    -8.5082166084316760E-007
   818.99999999999409       ,    -8.4874522071203755E-007
   819.99999999999409       ,    -8.4667637267999395E-007
   820.99999999999397       ,    -8.4461507978005360E-007
   821.99999999999397       ,    -8.4256130526995556E-007
   822.99999999999397       ,    -8.4051501263052632E-007
   823.99999999999397       ,    -8.3847616556406173E-007
   824.99999999999386       ,    -8.3644472799269094E-007
   825.99999999999386       ,    -8.3442066405681177E-007
   826.99999999999386       ,    -8.3240393811349856E-007
   827.99999999999386       ,    -8.3039451473491292E-007
   828.99999999999375       ,    -8.2839235870680812E-007
   829.99999999999375       ,    -8.2639743502689335E-007
   830.99999999999375       ,    -8.2440970890337997E-007
   831.99999999999363       ,    -8.2242914575343433E-007
   832.99999999999363       ,    -8.2045571120168128E-007
   833.99999999999363       ,    -8.1848937107871812E-007
   834.99999999999363       ,    -8.1653009141959474E-007
   835.99999999999352       ,    -8.1457783846241040E-007
   836.99999999999352       ,    -8.1263257864681731E-007
   837.99999999999352       ,    -8.1069427861259723E-007
   838.99999999999352       ,    -8.0876290519820486E-007
   839.99999999999341       ,    -8.0683842543937398E-007
   840.99999999999341       ,    -8.0492080656772701E-007
   841.99999999999341       ,    -8.0301001600930677E-007
   842.99999999999329       ,    -8.0110602138330059E-007
   843.99999999999329       ,    -7.9920879050058760E-007
   844.99999999999329       ,    -7.9731829136238784E-007
   845.99999999999329       ,    -7.9543449215893939E-007
   846.99999999999318       ,    -7.9355736126814853E-007
   847.99999999999318       ,    -7.9168686725428605E-007
   848.99999999999318       ,    -7.8982297886660287E-007
   849.99999999999318       ,    -7.8796566503809634E-007
   850.99999999999307       ,    -7.8611489488419176E-007
   851.99999999999307       ,    -7.8427063770143545E-007
   852.99999999999307       ,    -7.8243286296627317E-007
   853.99999999999307       ,    -7.8060154033372152E-007
   854.99999999999295       ,    -7.7877663963616084E-007
   855.99999999999295       ,    -7.7695813088210380E-007
   856.99999999999295       ,    -7.7514598425489926E-007
   857.99999999999284       ,    -7.7334017011159150E-007
   858.99999999999284       ,    -7.7154065898162663E-007
   859.99999999999284       ,    -7.6974742156574589E-007
   860.99999999999284       ,    -7.6796042873468654E-007
   861.99999999999272       ,    -7.6617965152807067E-007
   862.99999999999272       ,    -7.6440506115322421E-007
   863.99999999999272       ,    -7.6263662898397901E-007
   864.99999999999272       ,    -7.6087432655955773E-007
   865.99999999999261       ,    -7.5911812558340142E-007
   866.99999999999261       ,    -7.5736799792204650E-007
   867.99999999999261       ,    -7.5562391560399998E-007
   868.99999999999250       ,    -7.5388585081860315E-007
   869.99999999999250       ,    -7.5215377591494858E-007
   870.99999999999250       ,    -7.5042766340077229E-007
   871.99999999999250       ,    -7.4870748594134548E-007
   872.99999999999238       ,    -7.4699321635841602E-007
   873.99999999999238       ,    -7.4528482762912779E-007
   874.99999999999238       ,    -7.4358229288493131E-007
   875.99999999999238       ,    -7.4188558541057461E-007
   876.99999999999227       ,    -7.4019467864302166E-007
   877.99999999999227       ,    -7.3850954617040525E-007
   878.99999999999227       ,    -7.3683016173102450E-007
   879.99999999999216       ,    -7.3515649921233203E-007
   880.99999999999216       ,    -7.3348853264984024E-007
   881.99999999999216       ,    -7.3182623622619127E-007
   882.99999999999216       ,    -7.3016958427016995E-007
   883.99999999999204       ,    -7.2851855125563513E-007
   884.99999999999204       ,    -7.2687311180060184E-007
   885.99999999999204       ,    -7.2523324066622703E-007
   886.99999999999204       ,    -7.2359891275587793E-007
   887.99999999999193       ,    -7.2197010311412626E-007
   888.99999999999193       ,    -7.2034678692584937E-007
   889.99999999999193       ,    -7.1872893951524892E-007
   890.99999999999193       ,    -7.1711653634490381E-007
   891.99999999999181       ,    -7.1550955301487623E-007
   892.99999999999181       ,    -7.1390796526176415E-007
   893.99999999999181       ,    -7.1231174895778874E-007
   894.99999999999170       ,    -7.1072088010989370E-007
   895.99999999999170       ,    -7.0913533485882902E-007
   896.99999999999170       ,    -7.0755508947827667E-007
   897.99999999999170       ,    -7.0598012037394078E-007
   898.99999999999159       ,    -7.0441040408268167E-007
   899.99999999999159       ,    -7.0284591727163911E-007
   900.99999999999159       ,    -7.0128663673736068E-007
   901.99999999999159       ,    -6.9973253940495018E-007
   902.99999999999147       ,    -6.9818360232720868E-007
   903.99999999999147       ,    -6.9663980268377825E-007
   904.99999999999147       ,    -6.9510111778032037E-007
   905.99999999999136       ,    -6.9356752504766673E-007
   906.99999999999136       ,    -6.9203900204100203E-007
   907.99999999999136       ,    -6.9051552643902976E-007
   908.99999999999136       ,    -6.8899707604316795E-007
   909.99999999999125       ,    -6.8748362877675059E-007
   910.99999999999125       ,    -6.8597516268418968E-007
   911.99999999999125       ,    -6.8447165593022255E-007
   912.99999999999125       ,    -6.8297308679908649E-007
   913.99999999999113       ,    -6.8147943369375386E-007
   914.99999999999113       ,    -6.7999067513515036E-007
   915.99999999999113       ,    -6.7850678976138236E-007
   916.99999999999102       ,    -6.7702775632696841E-007
   917.99999999999102       ,    -6.7555355370207682E-007
   918.99999999999102       ,    -6.7408416087177643E-007
   919.99999999999102       ,    -6.7261955693528968E-007
   920.99999999999091       ,    -6.7115972110523371E-007
   921.99999999999091       ,    -6.6970463270691495E-007
   922.99999999999091       ,    -6.6825427117756103E-007
   923.99999999999091       ,    -6.6680861606560718E-007
   924.99999999999079       ,    -6.6536764702997848E-007
   925.99999999999079       ,    -6.6393134383939207E-007
   926.99999999999079       ,    -6.6249968637161022E-007
   927.99999999999068       ,    -6.6107265461275160E-007
   928.99999999999068       ,    -6.5965022865660722E-007
   929.99999999999068       ,    -6.5823238870392987E-007
   930.99999999999068       ,    -6.5681911506173768E-007
   931.99999999999056       ,    -6.5541038814265728E-007
   932.99999999999056       ,    -6.5400618846421525E-007
   933.99999999999056       ,    -6.5260649664818843E-007
   934.99999999999056       ,    -6.5121129341991711E-007
   935.99999999999045       ,    -6.4982055960765630E-007
   936.99999999999045       ,    -6.4843427614189776E-007
   937.99999999999045       ,    -6.4705242405475022E-007
   938.99999999999045       ,    -6.4567498447924818E-007
   939.99999999999034       ,    -6.4430193864873963E-007
   940.99999999999034       ,    -6.4293326789623730E-007
   941.99999999999034       ,    -6.4156895365377344E-007
   942.99999999999022       ,    -6.4020897745179116E-007
   943.99999999999022       ,    -6.3885332091850168E-007
   944.99999999999022       ,    -6.3750196577926085E-007
   945.99999999999022       ,    -6.3615489385599467E-007
   946.99999999999011       ,    -6.3481208706651237E-007
   947.99999999999011       ,    -6.3347352742396366E-007
   948.99999999999011       ,    -6.3213919703623177E-007
   949.99999999999011       ,    -6.3080907810529208E-007
   950.99999999999000       ,    -6.2948315292666404E-007
   951.99999999999000       ,    -6.2816140388879330E-007
   952.99999999999000       ,    -6.2684381347248036E-007
   953.99999999998988       ,    -6.2553036425030100E-007
   954.99999999999000       ,    -6.2422103888602692E-007
   955.99999999999011       ,    -6.2291582013404498E-007
   956.99999999999011       ,    -6.2161469083880300E-007
   957.99999999999022       ,    -6.2031763393424423E-007
   958.99999999999034       ,    -6.1902463244323838E-007
   959.99999999999034       ,    -6.1773566947702623E-007
   960.99999999999045       ,    -6.1645072823468883E-007
   961.99999999999056       ,    -6.1516979200256964E-007
   962.99999999999056       ,    -6.1389284415375834E-007
   963.99999999999068       ,    -6.1261986814752777E-007
   964.99999999999079       ,    -6.1135084752882118E-007
   965.99999999999079       ,    -6.1008576592769973E-007
   966.99999999999091       ,    -6.0882460705882623E-007
   967.99999999999102       ,    -6.0756735472093247E-007
   968.99999999999102       ,    -6.0631399279632199E-007
   969.99999999999113       ,    -6.0506450525032463E-007
   970.99999999999125       ,    -6.0381887613078762E-007
   971.99999999999125       ,    -6.0257708956759145E-007
   972.99999999999136       ,    -6.0133912977211725E-007
   973.99999999999147       ,    -6.0010498103675524E-007
   974.99999999999147       ,    -5.9887462773441469E-007
   975.99999999999159       ,    -5.9764805431800300E-007
   976.99999999999170       ,    -5.9642524531997126E-007
   977.99999999999170       ,    -5.9520618535179557E-007
   978.99999999999181       ,    -5.9399085910350915E-007
   979.99999999999193       ,    -5.9277925134322090E-007
   980.99999999999193       ,    -5.9157134691662010E-007
   981.99999999999204       ,    -5.9036713074653670E-007
   982.99999999999216       ,    -5.8916658783244400E-007
   983.99999999999216       ,    -5.8796970324998962E-007
   984.99999999999227       ,    -5.8677646215055862E-007
   985.99999999999238       ,    -5.8558684976077333E-007
   986.99999999999238       ,    -5.8440085138207664E-007
   987.99999999999250       ,    -5.8321845239024978E-007
   988.99999999999261       ,    -5.8203963823496472E-007
   989.99999999999261       ,    -5.8086439443936799E-007
   990.99999999999272       ,    -5.7969270659958375E-007
   991.99999999999284       ,    -5.7852456038430901E-007
   992.99999999999284       ,    -5.7735994153436866E-007
   993.99999999999295       ,    -5.7619883586228165E-007
   994.99999999999307       ,    -5.7504122925181099E-007
   995.99999999999307       ,    -5.7388710765756179E-007
   996.99999999999318       ,    -5.7273645710454074E-007
   997.99999999999329       ,    -5.7158926368772053E-007
   998.99999999999329       ,    -5.7044551357165481E-007
   999.99999999999341       ,    -5.6930519299002363E-007
   1000.9999999999935       ,    -5.6816828824524819E-007
   1001.9999999999935       ,    -5.6703478570804851E-007
   1002.9999999999936       ,    -5.6590467181707409E-007
   1003.9999999999937       ,    -5.6477793307846540E-007
   1004.9999999999937       ,    -5.6365455606546697E-007
   1005.9999999999939       ,    -5.6253452741801775E-007
   1006.9999999999939       ,    -5.6141783384237187E-007
   1007.9999999999940       ,    -5.6030446211068036E-007
   1008.9999999999941       ,    -5.5919439906060626E-007
   1009.9999999999941       ,    -5.5808763159496581E-007
   1010.9999999999942       ,    -5.5698414668128417E-007
   1011.9999999999943       ,    -5.5588393135147144E-007
   1012.9999999999943       ,    -5.5478697270139721E-007
   1013.9999999999944       ,    -5.5369325789054099E-007
   1014.9999999999945       ,    -5.5260277414159015E-007
   1015.9999999999945       ,    -5.5151550874010358E-007
   1016.9999999999947       ,    -5.5043144903409075E-007
   1017.9999999999948       ,    -5.4935058243369863E-007
   1018.9999999999948       ,    -5.4827289641080764E-007
   1019.9999999999949       ,    -5.4719837849867410E-007
   1020.9999999999950       ,    -5.4612701629159163E-007
   1021.9999999999950       ,    -5.4505879744449898E-007
   1022.9999999999951       ,    -5.4399370967266364E-007
   1023.9999999999952       ,    -5.4293174075128685E-007
   1024.9999999999952       ,    -5.4187287851519025E-007
   1025.9999999999955       ,    -5.4081711085844184E-007
   1026.9999999999955       ,    -5.3976442573402384E-007
   1027.9999999999955       ,    -5.3871481115348329E-007
   1028.9999999999957       ,    -5.3766825518658854E-007
   1029.9999999999957       ,    -5.3662474596099843E-007
   1030.9999999999957       ,    -5.3558427166191317E-007
   1031.9999999999959       ,    -5.3454682053176520E-007
   1032.9999999999959       ,    -5.3351238086984627E-007
   1033.9999999999959       ,    -5.3248094103200979E-007
   1034.9999999999959       ,    -5.3145248943034540E-007
   1035.9999999999961       ,    -5.3042701453282024E-007
   1036.9999999999961       ,    -5.2940450486300036E-007
   1037.9999999999961       ,    -5.2838494899968769E-007
   1038.9999999999964       ,    -5.2736833557663095E-007
   1039.9999999999964       ,    -5.2635465328219134E-007
   1040.9999999999964       ,    -5.2534389085904339E-007
   1041.9999999999966       ,    -5.2433603710384557E-007
   1042.9999999999966       ,    -5.2333108086694078E-007
   1043.9999999999966       ,    -5.2232901105204335E-007
   1044.9999999999968       ,    -5.2132981661593593E-007
   1045.9999999999968       ,    -5.2033348656816878E-007
   1046.9999999999968       ,    -5.1934000997074499E-007
   1047.9999999999970       ,    -5.1834937593782740E-007
   1048.9999999999970       ,    -5.1736157363544683E-007
   1049.9999999999970       ,    -5.1637659228119529E-007
   1050.9999999999973       ,    -5.1539442114394219E-007
   1051.9999999999973       ,    -5.1441504954352628E-007
   1052.9999999999973       ,    -5.1343846685048473E-007
   1053.9999999999975       ,    -5.1246466248574629E-007
   1054.9999999999975       ,    -5.1149362592036753E-007
   1055.9999999999975       ,    -5.1052534667522265E-007
   1056.9999999999977       ,    -5.0955981432072763E-007
   1057.9999999999977       ,    -5.0859701847657988E-007
   1058.9999999999977       ,    -5.0763694881144952E-007
   1059.9999999999980       ,    -5.0667959504273720E-007
   1060.9999999999980       ,    -5.0572494693624547E-007
   1061.9999999999980       ,    -5.0477299430596862E-007
   1062.9999999999982       ,    -5.0382372701376623E-007
   1063.9999999999982       ,    -5.0287713496913565E-007
   1064.9999999999982       ,    -5.0193320812891427E-007
   1065.9999999999984       ,    -5.0099193649702858E-007
   1066.9999999999984       ,    -5.0005331012422672E-007
   1067.9999999999984       ,    -4.9911731910779876E-007
   1068.9999999999986       ,    -4.9818395359136058E-007
   1069.9999999999986       ,    -4.9725320376453507E-007
   1070.9999999999986       ,    -4.9632505986274019E-007
   1071.9999999999989       ,    -4.9539951216690676E-007
   1072.9999999999989       ,    -4.9447655100324578E-007
   1073.9999999999989       ,    -4.9355616674297045E-007
   1074.9999999999991       ,    -4.9263834980207110E-007
   1075.9999999999991       ,    -4.9172309064103760E-007
   1076.9999999999991       ,    -4.9081037976463801E-007
   1077.9999999999993       ,    -4.8990020772165732E-007
   1078.9999999999993       ,    -4.8899256510466026E-007
   1079.9999999999993       ,    -4.8808744254974027E-007
   1080.9999999999995       ,    -4.8718483073627936E-007
   1081.9999999999995       ,    -4.8628472038671634E-007
   1082.9999999999995       ,    -4.8538710226629716E-007
   1083.9999999999998       ,    -4.8449196718285425E-007
   1084.9999999999998       ,    -4.8359930598654958E-007
   1085.9999999999998       ,    -4.8270910956965608E-007
   1087.0000000000000       ,    -4.8182136886632602E-007
   1088.0000000000000       ,    -4.8093607485234852E-007
   1089.0000000000000       ,    -4.8005321854492826E-007
   1090.0000000000002       ,    -4.7917279100245352E-007
   1091.0000000000002       ,    -4.7829478332428727E-007
   1092.0000000000002       ,    -4.7741918665051316E-007
   1093.0000000000005       ,    -4.7654599216172695E-007
   1094.0000000000005       ,    -4.7567519107882389E-007
   1095.0000000000005       ,    -4.7480677466275865E-007
   1096.0000000000007       ,    -4.7394073421434363E-007
   1097.0000000000007       ,    -4.7307706107401165E-007
   1098.0000000000007       ,    -4.7221574662162298E-007
   1099.0000000000009       ,    -4.7135678227623082E-007
   1100.0000000000009       ,    -4.7050015949588324E-007
   1101.0000000000009       ,    -4.6964586977738150E-007
   1102.0000000000011       ,    -4.6879390465612292E-007
   1103.0000000000011       ,    -4.6794425570582983E-007
   1104.0000000000011       ,    -4.6709691453838300E-007
   1105.0000000000014       ,    -4.6625187280359932E-007
   1106.0000000000014       ,    -4.6540912218902607E-007
   1107.0000000000014       ,    -4.6456865441973873E-007
   1108.0000000000016       ,    -4.6373046125814045E-007
   1109.0000000000016       ,    -4.6289453450375677E-007
   1110.0000000000016       ,    -4.6206086599302957E-007
   1111.0000000000018       ,    -4.6122944759913538E-007
   1112.0000000000018       ,    -4.6040027123176425E-007
   1113.0000000000018       ,    -4.5957332883694397E-007
   1114.0000000000020       ,    -4.5874861239682863E-007
   1115.0000000000020       ,    -4.5792611392951062E-007
   1116.0000000000020       ,    -4.5710582548882535E-007
   1117.0000000000023       ,    -4.5628773916417539E-007
   1118.0000000000023       ,    -4.5547184708031399E-007
   1119.0000000000023       ,    -4.5465814139716369E-007
   1120.0000000000025       ,    -4.5384661430963983E-007
   1121.0000000000025       ,    -4.5303725804745533E-007
   1122.0000000000025       ,    -4.5223006487492875E-007
   1123.0000000000027       ,    -4.5142502709081556E-007
   1124.0000000000027       ,    -4.5062213702810018E-007
   1125.0000000000027       ,    -4.4982138705383979E-007
   1126.0000000000030       ,    -4.4902276956896068E-007
   1127.0000000000030       ,    -4.4822627700809158E-007
   1128.0000000000030       ,    -4.4743190183939392E-007
   1129.0000000000032       ,    -4.4663963656434691E-007
   1130.0000000000032       ,    -4.4584947371760740E-007
   1131.0000000000032       ,    -4.4506140586682504E-007
   1132.0000000000034       ,    -4.4427542561245218E-007
   1133.0000000000034       ,    -4.4349152558759383E-007
   1134.0000000000034       ,    -4.4270969845781118E-007
   1135.0000000000036       ,    -4.4192993692096846E-007
   1136.0000000000036       ,    -4.4115223370705123E-007
   1137.0000000000036       ,    -4.4037658157800376E-007
   1138.0000000000039       ,    -4.3960297332755529E-007
   1139.0000000000039       ,    -4.3883140178106271E-007
   1140.0000000000039       ,    -4.3806185979533081E-007
   1141.0000000000041       ,    -4.3729434025844996E-007
   1142.0000000000041       ,    -4.3652883608964178E-007
   1143.0000000000041       ,    -4.3576534023908450E-007
   1144.0000000000043       ,    -4.3500384568775871E-007
   1145.0000000000043       ,    -4.3424434544727351E-007
   1146.0000000000043       ,    -4.3348683255972667E-007
   1147.0000000000045       ,    -4.3273130009753096E-007
   1148.0000000000045       ,    -4.3197774116325209E-007
   1149.0000000000045       ,    -4.3122614888945673E-007
   1150.0000000000045       ,    -4.3047651643856919E-007
   1151.0000000000048       ,    -4.2972883700269673E-007
   1152.0000000000048       ,    -4.2898310380347740E-007
   1153.0000000000048       ,    -4.2823931009193623E-007
   1154.0000000000050       ,    -4.2749744914832706E-007
   1155.0000000000050       ,    -4.2675751428197544E-007
   1156.0000000000050       ,    -4.2601949883114158E-007
   1157.0000000000052       ,    -4.2528339616285446E-007
   1158.0000000000052       ,    -4.2454919967278279E-007
   1159.0000000000052       ,    -4.2381690278505447E-007
   1160.0000000000055       ,    -4.2308649895214986E-007
   1161.0000000000055       ,    -4.2235798165471778E-007
   1162.0000000000055       ,    -4.2163134440146323E-007
   1163.0000000000057       ,    -4.2090658072897308E-007
   1164.0000000000057       ,    -4.2018368420160064E-007
   1165.0000000000057       ,    -4.1946264841128934E-007
   1166.0000000000059       ,    -4.1874346697746043E-007
   1167.0000000000059       ,    -4.1802613354686543E-007
   1168.0000000000059       ,    -4.1731064179343844E-007
   1169.0000000000061       ,    -4.1659698541814796E-007
   1170.0000000000061       ,    -4.1588515814888283E-007
   1171.0000000000061       ,    -4.1517515374030339E-007
   1172.0000000000064       ,    -4.1446696597369564E-007
   1173.0000000000064       ,    -4.1376058865683560E-007
   1174.0000000000064       ,    -4.1305601562387314E-007
   1175.0000000000066       ,    -4.1235324073518305E-007
   1176.0000000000066       ,    -4.1165225787722268E-007
   1177.0000000000066       ,    -4.1095306096242170E-007
   1178.0000000000068       ,    -4.1025564392902859E-007
   1179.0000000000068       ,    -4.0956000074099133E-007
   1180.0000000000068       ,    -4.0886612538782812E-007
   1181.0000000000070       ,    -4.0817401188447850E-007
   1182.0000000000070       ,    -4.0748365427120842E-007
   1183.0000000000070       ,    -4.0679504661344920E-007
   1184.0000000000073       ,    -4.0610818300168560E-007
   1185.0000000000073       ,    -4.0542305755132439E-007
   1186.0000000000073       ,    -4.0473966440257714E-007
   1187.0000000000075       ,    -4.0405799772032430E-007
   1188.0000000000075       ,    -4.0337805169399381E-007
   1189.0000000000075       ,    -4.0269982053743701E-007
   1190.0000000000077       ,    -4.0202329848881540E-007
   1191.0000000000077       ,    -4.0134847981045316E-007
   1192.0000000000077       ,    -4.0067535878874454E-007
   1193.0000000000080       ,    -4.0000392973401852E-007
   1194.0000000000080       ,    -3.9933418698041169E-007
   1195.0000000000080       ,    -3.9866612488577229E-007
   1196.0000000000082       ,    -3.9799973783151683E-007
   1197.0000000000082       ,    -3.9733502022251643E-007
   1198.0000000000082       ,    -3.9667196648700202E-007
   1199.0000000000084       ,    -3.9601057107639979E-007
   1200.0000000000084       ,    -3.9535082846528112E-007
   1201.0000000000084       ,    -3.9469273315118782E-007
   1202.0000000000086       ,    -3.9403627965454593E-007
   1203.0000000000086       ,    -3.9338146251854897E-007
   1204.0000000000086       ,    -3.9272827630904298E-007
   1205.0000000000089       ,    -3.9207671561440551E-007
   1206.0000000000089       ,    -3.9142677504545095E-007
   1207.0000000000089       ,    -3.9077844923530649E-007
   1208.0000000000091       ,    -3.9013173283930096E-007
   1209.0000000000091       ,    -3.8948662053485419E-007
   1210.0000000000091       ,    -3.8884310702138099E-007
   1211.0000000000093       ,    -3.8820118702017269E-007
   1212.0000000000093       ,    -3.8756085527426852E-007
   1213.0000000000093       ,    -3.8692210654839543E-007
   1214.0000000000095       ,    -3.8628493562881714E-007
   1215.0000000000095       ,    -3.8564933732324508E-007
   1216.0000000000095       ,    -3.8501530646073617E-007
   1217.0000000000098       ,    -3.8438283789158426E-007
   1218.0000000000098       ,    -3.8375192648720375E-007
   1219.0000000000098       ,    -3.8312256714005780E-007
   1220.0000000000100       ,    -3.8249475476350879E-007
   1221.0000000000100       ,    -3.8186848429175735E-007
   1222.0000000000100       ,    -3.8124375067971518E-007
   1223.0000000000102       ,    -3.8062054890291362E-007
   1224.0000000000102       ,    -3.7999887395740521E-007
   1225.0000000000102       ,    -3.7937872085964364E-007
   1226.0000000000105       ,    -3.7876008464642084E-007
   1227.0000000000105       ,    -3.7814296037472712E-007
   1228.0000000000105       ,    -3.7752734312168339E-007
   1229.0000000000107       ,    -3.7691322798441445E-007
   1230.0000000000107       ,    -3.7630061007998446E-007
   1231.0000000000107       ,    -3.7568948454526764E-007
   1232.0000000000109       ,    -3.7507984653688693E-007
   1233.0000000000109       ,    -3.7447169123107888E-007
   1234.0000000000109       ,    -3.7386501382362446E-007
   1235.0000000000111       ,    -3.7325980952974419E-007
   1236.0000000000111       ,    -3.7265607358401439E-007
   1237.0000000000111       ,    -3.7205380124025753E-007
   1238.0000000000114       ,    -3.7145298777146045E-007
   1239.0000000000114       ,    -3.7085362846968209E-007
   1240.0000000000114       ,    -3.7025571864594485E-007
   1241.0000000000116       ,    -3.6965925363017063E-007
   1242.0000000000116       ,    -3.6906422877105720E-007
   1243.0000000000116       ,    -3.6847063943603425E-007
   1244.0000000000118       ,    -3.6787848101110500E-007
   1245.0000000000118       ,    -3.6728774890082842E-007
   1246.0000000000118       ,    -3.6669843852817477E-007
   1247.0000000000121       ,    -3.6611054533446812E-007
   1248.0000000000121       ,    -3.6552406477929152E-007
   1249.0000000000121       ,    -3.6493899234039256E-007
   1250.0000000000123       ,    -3.6435532351360191E-007
   1251.0000000000123       ,    -3.6377305381275103E-007
   1252.0000000000123       ,    -3.6319217876956493E-007
   1253.0000000000125       ,    -3.6261269393360466E-007
   1254.0000000000125       ,    -3.6203459487217014E-007
   1255.0000000000125       ,    -3.6145787717020834E-007
   1256.0000000000127       ,    -3.6088253643023469E-007
   1257.0000000000127       ,    -3.6030856827225420E-007
   1258.0000000000127       ,    -3.5973596833366936E-007
   1259.0000000000130       ,    -3.5916473226920397E-007
   1260.0000000000130       ,    -3.5859485575082135E-007
   1261.0000000000130       ,    -3.5802633446763072E-007
   1262.0000000000132       ,    -3.5745916412581834E-007
   1263.0000000000132       ,    -3.5689334044856917E-007
   1264.0000000000132       ,    -3.5632885917596660E-007
   1265.0000000000132       ,    -3.5576571606493104E-007
   1266.0000000000134       ,    -3.5520390688913656E-007
   1267.0000000000134       ,    -3.5464342743892463E-007
   1268.0000000000134       ,    -3.5408427352123342E-007
   1269.0000000000136       ,    -3.5352644095951317E-007
   1270.0000000000136       ,    -3.5296992559365364E-007
   1271.0000000000136       ,    -3.5241472327989727E-007
   1272.0000000000139       ,    -3.5186082989077809E-007
   1273.0000000000139       ,    -3.5130824131502956E-007
   1274.0000000000139       ,    -3.5075695345751120E-007
   1275.0000000000141       ,    -3.5020696223914181E-007
   1276.0000000000141       ,    -3.4965826359681086E-007
   1277.0000000000141       ,    -3.4911085348332177E-007
   1278.0000000000143       ,    -3.4856472786729306E-007
   1279.0000000000143       ,    -3.4801988273310332E-007
   1280.0000000000143       ,    -3.4747631408081166E-007
   1281.0000000000146       ,    -3.4693401792608273E-007
   1282.0000000000146       ,    -3.4639299030011167E-007
   1283.0000000000146       ,    -3.4585322724956100E-007
   1284.0000000000148       ,    -3.4531472483647500E-007
   1285.0000000000148       ,    -3.4477747913821720E-007
   1286.0000000000148       ,    -3.4424148624739954E-007
   1287.0000000000150       ,    -3.4370674227180259E-007
   1288.0000000000150       ,    -3.4317324333431425E-007
   1289.0000000000150       ,    -3.4264098557285847E-007
   1290.0000000000152       ,    -3.4210996514031838E-007
   1291.0000000000152       ,    -3.4158017820446738E-007
   1292.0000000000152       ,    -3.4105162094791722E-007
   1293.0000000000155       ,    -3.4052428956801879E-007
   1294.0000000000155       ,    -3.3999818027682253E-007
   1295.0000000000155       ,    -3.3947328930099626E-007
   1296.0000000000157       ,    -3.3894961288175619E-007
   1297.0000000000157       ,    -3.3842714727480350E-007
   1298.0000000000157       ,    -3.3790588875026647E-007
   1299.0000000000159       ,    -3.3738583359260935E-007
   1300.0000000000159       ,    -3.3686697810059477E-007
   1301.0000000000159       ,    -3.3634931858719445E-007
   1302.0000000000161       ,    -3.3583285137954109E-007
   1303.0000000000161       ,    -3.3531757281885131E-007
   1304.0000000000161       ,    -3.3480347926037060E-007
   1305.0000000000164       ,    -3.3429056707329652E-007
   1306.0000000000164       ,    -3.3377883264072940E-007
   1307.0000000000164       ,    -3.3326827235959148E-007
   1308.0000000000166       ,    -3.3275888264058364E-007
   1309.0000000000166       ,    -3.3225065990810549E-007
   1310.0000000000166       ,    -3.3174360060019830E-007
   1311.0000000000168       ,    -3.3123770116848546E-007
   1312.0000000000168       ,    -3.3073295807810732E-007
   1313.0000000000168       ,    -3.3022936780765872E-007
   1314.0000000000171       ,    -3.2972692684912961E-007
   1315.0000000000171       ,    -3.2922563170784619E-007
   1316.0000000000171       ,    -3.2872547890240440E-007
   1317.0000000000173       ,    -3.2822646496460875E-007
   1318.0000000000173       ,    -3.2772858643942507E-007
   1319.0000000000173       ,    -3.2723183988490374E-007
   1320.0000000000175       ,    -3.2673622187213136E-007
   1321.0000000000175       ,    -3.2624172898516783E-007
   1322.0000000000175       ,    -3.2574835782097963E-007
   1323.0000000000177       ,    -3.2525610498940430E-007
   1324.0000000000177       ,    -3.2476496711307056E-007
   1325.0000000000177       ,    -3.2427494082733933E-007
   1326.0000000000180       ,    -3.2378602278026969E-007
   1327.0000000000180       ,    -3.2329820963253038E-007
   1328.0000000000180       ,    -3.2281149805736620E-007
   1329.0000000000182       ,    -3.2232588474052914E-007
   1330.0000000000182       ,    -3.2184136638023437E-007
   1331.0000000000182       ,    -3.2135793968709084E-007
   1332.0000000000184       ,    -3.2087560138404249E-007
   1333.0000000000184       ,    -3.2039434820632994E-007
   1334.0000000000184       ,    -3.1991417690142831E-007
   1335.0000000000186       ,    -3.1943508422898394E-007
   1336.0000000000186       ,    -3.1895706696076474E-007
   1337.0000000000186       ,    -3.1848012188061049E-007
   1338.0000000000189       ,    -3.1800424578437454E-007
   1339.0000000000189       ,    -3.1752943547986812E-007
   1340.0000000000189       ,    -3.1705568778681217E-007
   1341.0000000000191       ,    -3.1658299953677920E-007
   1342.0000000000191       ,    -3.1611136757314508E-007
   1343.0000000000191       ,    -3.1564078875102545E-007
   1344.0000000000193       ,    -3.1517125993724328E-007
   1345.0000000000193       ,    -3.1470277801025233E-007
   1346.0000000000193       ,    -3.1423533986010920E-007
   1347.0000000000196       ,    -3.1376894238840326E-007
   1348.0000000000196       ,    -3.1330358250821067E-007
   1349.0000000000196       ,    -3.1283925714404922E-007
   1350.0000000000198       ,    -3.1237596323182351E-007
   1351.0000000000198       ,    -3.1191369771877168E-007
   1352.0000000000198       ,    -3.1145245756341658E-007
   1353.0000000000200       ,    -3.1099223973551966E-007
   1354.0000000000200       ,    -3.1053304121602531E-007
   1355.0000000000200       ,    -3.1007485899701836E-007
   1356.0000000000202       ,    -3.0961769008166544E-007
   1357.0000000000202       ,    -3.0916153148417377E-007
   1358.0000000000202       ,    -3.0870638022973933E-007
   1359.0000000000205       ,    -3.0825223335450285E-007
   1360.0000000000205       ,    -3.0779908790549263E-007
   1361.0000000000205       ,    -3.0734694094058141E-007
   1362.0000000000207       ,    -3.0689578952844199E-007
   1363.0000000000207       ,    -3.0644563074849382E-007
   1364.0000000000207       ,    -3.0599646169086033E-007
   1365.0000000000209       ,    -3.0554827945631881E-007
   1366.0000000000209       ,    -3.0510108115625291E-007
   1367.0000000000209       ,    -3.0465486391261350E-007
   1368.0000000000211       ,    -3.0420962485786164E-007
   1369.0000000000211       ,    -3.0376536113493048E-007
   1370.0000000000211       ,    -3.0332206989717140E-007
   1371.0000000000214       ,    -3.0287974830831921E-007
   1372.0000000000214       ,    -3.0243839354244259E-007
   1373.0000000000214       ,    -3.0199800278389165E-007
   1374.0000000000216       ,    -3.0155857322726563E-007
   1375.0000000000216       ,    -3.0112010207735246E-007
   1376.0000000000216       ,    -3.0068258654910449E-007
   1377.0000000000216       ,    -3.0024602386757310E-007
   1378.0000000000218       ,    -2.9981041126787861E-007
   1379.0000000000218       ,    -2.9937574599516725E-007
   1380.0000000000218       ,    -2.9894202530455672E-007
   1381.0000000000221       ,    -2.9850924646109769E-007
   1382.0000000000221       ,    -2.9807740673974388E-007
   1383.0000000000221       ,    -2.9764650342528115E-007
   1384.0000000000223       ,    -2.9721653381231368E-007
   1385.0000000000223       ,    -2.9678749520520158E-007
   1386.0000000000223       ,    -2.9635938491802969E-007
   1387.0000000000225       ,    -2.9593220027456193E-007
   1388.0000000000225       ,    -2.9550593860820011E-007
   1389.0000000000225       ,    -2.9508059726193712E-007
   1390.0000000000227       ,    -2.9465617358832109E-007
   1391.0000000000227       ,    -2.9423266494941947E-007
   1392.0000000000227       ,    -2.9381006871676239E-007
   1393.0000000000230       ,    -2.9338838227131923E-007
   1394.0000000000230       ,    -2.9296760300344176E-007
   1395.0000000000230       ,    -2.9254772831284143E-007
   1396.0000000000232       ,    -2.9212875560853244E-007
   1397.0000000000232       ,    -2.9171068230880131E-007
   1398.0000000000232       ,    -2.9129350584116530E-007
   1399.0000000000234       ,    -2.9087722364233246E-007
   1400.0000000000234       ,    -2.9046183315816011E-007
   1401.0000000000234       ,    -2.9004733184362251E-007
   1402.0000000000236       ,    -2.8963371716276391E-007
   1403.0000000000236       ,    -2.8922098658865891E-007
   1404.0000000000236       ,    -2.8880913760338619E-007
   1405.0000000000239       ,    -2.8839816769797625E-007
   1406.0000000000239       ,    -2.8798807437238054E-007
   1407.0000000000239       ,    -2.8757885513542925E-007
   1408.0000000000241       ,    -2.8717050750480129E-007
   1409.0000000000241       ,    -2.8676302900697377E-007
   1410.0000000000241       ,    -2.8635641717720216E-007
   1411.0000000000243       ,    -2.8595066955946440E-007
   1412.0000000000243       ,    -2.8554578370643058E-007
   1413.0000000000243       ,    -2.8514175717943953E-007
   1414.0000000000246       ,    -2.8473858754843621E-007
   1415.0000000000246       ,    -2.8433627239196190E-007
   1416.0000000000246       ,    -2.8393480929709623E-007
   1417.0000000000248       ,    -2.8353419585943168E-007
   1418.0000000000248       ,    -2.8313442968303805E-007
   1419.0000000000248       ,    -2.8273550838042416E-007
   1420.0000000000250       ,    -2.8233742957250217E-007
   1421.0000000000250       ,    -2.8194019088855460E-007
   1422.0000000000250       ,    -2.8154378996619089E-007
   1423.0000000000252       ,    -2.8114822445132342E-007
   1424.0000000000252       ,    -2.8075349199812772E-007
   1425.0000000000252       ,    -2.8035959026900438E-007
   1426.0000000000255       ,    -2.7996651693454617E-007
   1427.0000000000255       ,    -2.7957426967351299E-007
   1428.0000000000255       ,    -2.7918284617277846E-007
   1429.0000000000257       ,    -2.7879224412731992E-007
   1430.0000000000257       ,    -2.7840246124015537E-007
   1431.0000000000257       ,    -2.7801349522234261E-007
   1432.0000000000259       ,    -2.7762534379291212E-007
   1433.0000000000259       ,    -2.7723800467886570E-007
   1434.0000000000259       ,    -2.7685147561511453E-007
   1435.0000000000261       ,    -2.7646575434447114E-007
   1436.0000000000261       ,    -2.7608083861759913E-007
   1437.0000000000261       ,    -2.7569672619298121E-007
   1438.0000000000264       ,    -2.7531341483690057E-007
   1439.0000000000264       ,    -2.7493090232339107E-007
   1440.0000000000264       ,    -2.7454918643421756E-007
   1441.0000000000266       ,    -2.7416826495883926E-007
   1442.0000000000266       ,    -2.7378813569437398E-007
   1443.0000000000266       ,    -2.7340879644557023E-007
   1444.0000000000268       ,    -2.7303024502478185E-007
   1445.0000000000268       ,    -2.7265247925192204E-007
   1446.0000000000268       ,    -2.7227549695444405E-007
   1447.0000000000271       ,    -2.7189929596729837E-007
   1448.0000000000271       ,    -2.7152387413292214E-007
   1449.0000000000271       ,    -2.7114922930118459E-007
   1450.0000000000273       ,    -2.7077535932936680E-007
   1451.0000000000273       ,    -2.7040226208213714E-007
   1452.0000000000273       ,    -2.7002993543151042E-007
   1453.0000000000275       ,    -2.6965837725682016E-007
   1454.0000000000275       ,    -2.6928758544469328E-007
   1455.0000000000275       ,    -2.6891755788901717E-007
   1456.0000000000277       ,    -2.6854829249090234E-007
   1457.0000000000277       ,    -2.6817978715866868E-007
   1458.0000000000277       ,    -2.6781203980780341E-007
   1459.0000000000280       ,    -2.6744504836093023E-007
   1460.0000000000280       ,    -2.6707881074779378E-007
   1461.0000000000280       ,    -2.6671332490520799E-007
   1462.0000000000282       ,    -2.6634858877706036E-007
   1463.0000000000282       ,    -2.6598460031424172E-007
   1464.0000000000282       ,    -2.6562135747465203E-007
   1465.0000000000284       ,    -2.6525885822315583E-007
   1466.0000000000284       ,    -2.6489710053155305E-007
   1467.0000000000284       ,    -2.6453608237855945E-007
   1468.0000000000286       ,    -2.6417580174976989E-007
   1469.0000000000286       ,    -2.6381625663762826E-007
   1470.0000000000286       ,    -2.6345744504141404E-007
   1471.0000000000289       ,    -2.6309936496720145E-007
   1472.0000000000289       ,    -2.6274201442783050E-007
   1473.0000000000289       ,    -2.6238539144288925E-007
   1474.0000000000291       ,    -2.6202949403868520E-007
   1475.0000000000291       ,    -2.6167432024820325E-007
   1476.0000000000291       ,    -2.6131986811109352E-007
   1477.0000000000293       ,    -2.6096613567364652E-007
   1478.0000000000293       ,    -2.6061312098875134E-007
   1479.0000000000293       ,    -2.6026082211588453E-007
   1480.0000000000296       ,    -2.5990923712106868E-007
   1481.0000000000296       ,    -2.5955836407686323E-007
   1482.0000000000296       ,    -2.5920820106231768E-007
   1483.0000000000298       ,    -2.5885874616296150E-007
   1484.0000000000298       ,    -2.5850999747077265E-007
   1485.0000000000298       ,    -2.5816195308414777E-007
   1486.0000000000300       ,    -2.5781461110788590E-007
   1487.0000000000300       ,    -2.5746796965315270E-007
   1488.0000000000300       ,    -2.5712202683745804E-007
   1489.0000000000302       ,    -2.5677678078462755E-007
   1490.0000000000302       ,    -2.5643222962478946E-007
   1491.0000000000302       ,    -2.5608837149433206E-007
   1492.0000000000302       ,    -2.5574520453589664E-007
   1493.0000000000305       ,    -2.5540272689832864E-007
   1494.0000000000305       ,    -2.5506093673667955E-007
   1495.0000000000305       ,    -2.5471983221216414E-007
   1496.0000000000307       ,    -2.5437941149214034E-007
   1497.0000000000307       ,    -2.5403967275008435E-007
   1498.0000000000307       ,    -2.5370061416556779E-007
   1499.0000000000309       ,    -2.5336223392423639E-007
   1500.0000000000309       ,    -2.5302453021777195E-007
