   1.0000000000000000       ,   -0.28488073116730656     
   2.0000000000000000       ,    -7.1220182791826639E-002
   3.0000000000000004       ,    -3.1653414574145181E-002
   4.0000000000000000       ,    -1.7805045697956660E-002
   5.0000000000000000       ,    -1.1395229246692262E-002
   6.0000000000000000       ,    -7.9133536435362882E-003
   7.0000000000000000       ,    -5.8138924728021648E-003
   8.0000000000000000       ,    -4.4512614244891649E-003
   9.0000000000000018       ,    -3.5170460637939248E-003
   10.000000000000002       ,    -2.8488073116730715E-003
   11.000000000000002       ,    -2.3543862079942746E-003
   12.000000000000004       ,    -1.9783384108840707E-003
   13.000000000000004       ,    -1.6856847998065476E-003
   14.000000000000005       ,    -1.4534731182005392E-003
   15.000000000000005       ,    -1.2661365829658093E-003
   16.000000000000004       ,    -1.1128153561222943E-003
   17.000000000000004       ,    -9.8574647462736174E-004
   18.000000000000004       ,    -8.7926151594848120E-004
   19.000000000000000       ,    -7.8914329963242897E-004
   20.000000000000000       ,    -7.1220182791826637E-004
   21.000000000000000       ,    -6.4598805253357245E-004
   22.000000000000000       ,    -5.8859655199856777E-004
   22.999999999999996       ,    -5.3852690201758953E-004
   23.999999999999996       ,    -4.9458460272101855E-004
   24.999999999999996       ,    -4.5580916986768936E-004
   25.999999999999993       ,    -4.2142119995163777E-004
   26.999999999999993       ,    -3.9078289597709980E-004
   27.999999999999993       ,    -3.6336827955013622E-004
   28.999999999999993       ,    -3.3874046512164853E-004
   29.999999999999989       ,    -3.1653414574145204E-004
   30.999999999999993       ,    -2.9644196791603209E-004
   31.999999999999996       ,    -2.7820383903057471E-004
   33.000000000000000       ,    -2.6159846755492033E-004
   34.000000000000000       ,    -2.4643661865683854E-004
   35.000000000000000       ,    -2.3255569891208634E-004
   36.000000000000007       ,    -2.1981537898712030E-004
   37.000000000000007       ,    -2.0809403299292131E-004
   38.000000000000007       ,    -1.9728582490810746E-004
   39.000000000000014       ,    -1.8729831108961608E-004
   40.000000000000014       ,    -1.7805045697956781E-004
   41.000000000000014       ,    -1.6947098820184762E-004
   42.000000000000021       ,    -1.6149701313339200E-004
   43.000000000000021       ,    -1.5407286704559572E-004
   44.000000000000021       ,    -1.4714913799964230E-004
   45.000000000000028       ,    -1.4068184255175623E-004
   46.000000000000028       ,    -1.3463172550439722E-004
   47.000000000000028       ,    -1.2896366281906185E-004
   48.000000000000036       ,    -1.2364615068025442E-004
   49.000000000000036       ,    -1.1865086679188056E-004
   50.000000000000036       ,    -1.1395229246692207E-004
   51.000000000000043       ,    -1.0952738606970692E-004
   52.000000000000043       ,    -1.0535529998790944E-004
   53.000000000000043       ,    -1.0141713462702266E-004
   54.000000000000050       ,    -9.7695723994274585E-005
   55.000000000000050       ,    -9.4175448319770778E-005
   56.000000000000050       ,    -9.0842069887533703E-005
   57.000000000000057       ,    -8.7682588848048154E-005
   58.000000000000057       ,    -8.4685116280411874E-005
   59.000000000000057       ,    -8.1838762185379926E-005
   60.000000000000064       ,    -7.9133536435362564E-005
   61.000000000000057       ,    -7.6560260996319201E-005
   62.000000000000050       ,    -7.4110491979007968E-005
   63.000000000000050       ,    -7.1776450281508001E-005
   64.000000000000043       ,    -6.9550959757643189E-005
   65.000000000000043       ,    -6.7427391992262384E-005
   66.000000000000028       ,    -6.5399616888729771E-005
   67.000000000000028       ,    -6.3461958379885456E-005
   68.000000000000028       ,    -6.1609154664209797E-005
   69.000000000000028       ,    -5.9836322446398867E-005
   70.000000000000014       ,    -5.8138924728021788E-005
   71.000000000000014       ,    -5.6512741751102425E-005
   72.000000000000014       ,    -5.4953844746780075E-005
   73.000000000000000       ,    -5.3458572183769280E-005
   74.000000000000000       ,    -5.2023508248230286E-005
   75.000000000000000       ,    -5.0645463318632158E-005
   75.999999999999986       ,    -4.9321456227026871E-005
   76.999999999999986       ,    -4.8048698122331813E-005
   77.999999999999986       ,    -4.6824577772404089E-005
   78.999999999999986       ,    -4.5646648160119573E-005
   79.999999999999972       ,    -4.4512614244892007E-005
   80.999999999999972       ,    -4.3420321775233568E-005
   81.999999999999972       ,    -4.2367747050461981E-005
   82.999999999999957       ,    -4.1352987540616549E-005
   83.999999999999957       ,    -4.0374253283348257E-005
   84.999999999999957       ,    -3.9429858985094349E-005
   85.999999999999943       ,    -3.8518216761398970E-005
   86.999999999999943       ,    -3.7637829457961014E-005
   87.999999999999943       ,    -3.6787284499910547E-005
   88.999999999999943       ,    -3.5965248222106720E-005
   89.999999999999929       ,    -3.5170460637939126E-005
   90.999999999999929       ,    -3.4401730608296848E-005
   91.999999999999929       ,    -3.3657931376099467E-005
   92.999999999999915       ,    -3.2937996435114860E-005
   93.999999999999915       ,    -3.2240915704765388E-005
   94.999999999999915       ,    -3.1565731985297198E-005
   95.999999999999901       ,    -3.0911537670063748E-005
   96.999999999999901       ,    -3.0277471693836376E-005
   97.999999999999901       ,    -2.9662716697970212E-005
   98.999999999999901       ,    -2.9066496394991049E-005
   99.999999999999886       ,    -2.8488073116730649E-005
   100.99999999999989       ,    -2.7926745531546728E-005
   101.99999999999989       ,    -2.7381846517426754E-005
   102.99999999999987       ,    -2.6852741178933660E-005
   103.99999999999987       ,    -2.6338824996977381E-005
   104.99999999999987       ,    -2.5839522101342992E-005
   105.99999999999986       ,    -2.5354283656755773E-005
   106.99999999999986       ,    -2.4882586354031538E-005
   107.99999999999986       ,    -2.4423930998568765E-005
   108.99999999999986       ,    -2.3977841189067157E-005
   109.99999999999984       ,    -2.3543862079942864E-005
   110.99999999999984       ,    -2.3121559221435571E-005
   111.99999999999984       ,    -2.2710517471883534E-005
   112.99999999999983       ,    -2.2310339977077877E-005
   113.99999999999983       ,    -2.1920647212012045E-005
   114.99999999999983       ,    -2.1541076080703799E-005
   115.99999999999982       ,    -2.1171279070103036E-005
   116.99999999999982       ,    -2.0810923454401877E-005
   117.99999999999982       ,    -2.0459690546345080E-005
   118.99999999999982       ,    -2.0117274992395097E-005
   119.99999999999980       ,    -1.9783384108840861E-005
   120.99999999999980       ,    -1.9457737256151067E-005
   121.99999999999980       ,    -1.9140065249079959E-005
   122.99999999999979       ,    -1.8830109800205275E-005
   123.99999999999979       ,    -1.8527622994752050E-005
   124.99999999999979       ,    -1.8232366794707658E-005
   125.99999999999977       ,    -1.7944112570377116E-005
   126.99999999999977       ,    -1.7662640657654448E-005
   127.99999999999977       ,    -1.7387739939410967E-005
   128.99999999999977       ,    -1.7119207449510762E-005
   129.99999999999977       ,    -1.6856847998065626E-005
   130.99999999999974       ,    -1.6600473816636930E-005
   131.99999999999974       ,    -1.6349904222182551E-005
   132.99999999999974       ,    -1.6104965298621042E-005
   133.99999999999974       ,    -1.5865489594971391E-005
   134.99999999999974       ,    -1.5631315839084046E-005
   135.99999999999974       ,    -1.5402288666052571E-005
   136.99999999999974       ,    -1.5178258360451151E-005
   137.99999999999972       ,    -1.4959080611599817E-005
   138.99999999999972       ,    -1.4744616281108969E-005
   139.99999999999972       ,    -1.4534731182005454E-005
   140.99999999999972       ,    -1.4329295868784626E-005
   141.99999999999972       ,    -1.4128185437775620E-005
   142.99999999999972       ,    -1.3931279337244282E-005
   143.99999999999969       ,    -1.3738461186695120E-005
   144.99999999999969       ,    -1.3549618604865966E-005
   145.99999999999969       ,    -1.3364643045942400E-005
   146.99999999999969       ,    -1.3183429643542437E-005
   147.99999999999969       ,    -1.3005877062057656E-005
   148.99999999999969       ,    -1.2831887354952873E-005
   149.99999999999969       ,    -1.2661365829658094E-005
   150.99999999999966       ,    -1.2494220918701253E-005
   151.99999999999966       ,    -1.2330364056756781E-005
   152.99999999999966       ,    -1.2169709563300750E-005
   153.99999999999966       ,    -1.2012174530583004E-005
   154.99999999999966       ,    -1.1857678716641278E-005
   155.99999999999966       ,    -1.1706144443101083E-005
   156.99999999999966       ,    -1.1557496497517380E-005
   157.99999999999963       ,    -1.1411662040029937E-005
   158.99999999999963       ,    -1.1268570514113722E-005
   159.99999999999963       ,    -1.1128153561222998E-005
   160.99999999999963       ,    -1.0990344939134566E-005
   161.99999999999963       ,    -1.0855080443808446E-005
   162.99999999999963       ,    -1.0722297834593258E-005
   163.99999999999960       ,    -1.0591936762615571E-005
   164.99999999999960       ,    -1.0463938702196834E-005
   165.99999999999960       ,    -1.0338246885154198E-005
   166.99999999999960       ,    -1.0214806237846751E-005
   167.99999999999960       ,    -1.0093563320837086E-005
   168.99999999999960       ,    -9.9744662710447506E-006
   169.99999999999960       ,    -9.8574647462736161E-006
   170.99999999999957       ,    -9.7425098720053453E-006
   171.99999999999957       ,    -9.6295541903497714E-006
   172.99999999999957       ,    -9.5185516110564833E-006
   173.99999999999957       ,    -9.4094573644902434E-006
   174.99999999999957       ,    -9.3022279564835574E-006
   175.99999999999957       ,    -9.1968211249776790E-006
   176.99999999999957       ,    -9.0931957983756030E-006
   177.99999999999955       ,    -8.9913120555267071E-006
   178.99999999999955       ,    -8.8911310872728082E-006
   179.99999999999955       ,    -8.7926151594848306E-006
   180.99999999999955       ,    -8.6957275775253874E-006
   181.99999999999955       ,    -8.6004326520742375E-006
   182.99999999999955       ,    -8.5066956662577940E-006
   183.99999999999952       ,    -8.4144828440249448E-006
   184.99999999999952       ,    -8.3237613197167718E-006
   185.99999999999952       ,    -8.2344991087787047E-006
   186.99999999999952       ,    -8.1466650795649798E-006
   187.99999999999952       ,    -8.0602289261913926E-006
   188.99999999999952       ,    -7.9751611423898446E-006
   189.99999999999952       ,    -7.8914329963243486E-006
   190.99999999999949       ,    -7.8090165063267951E-006
   191.99999999999949       ,    -7.7278844175159742E-006
   192.99999999999949       ,    -7.6480101792614139E-006
   193.99999999999949       ,    -7.5693679234591314E-006
   194.99999999999949       ,    -7.4919324435846961E-006
   195.99999999999949       ,    -7.4156791744925954E-006
   196.99999999999949       ,    -7.3405841729317390E-006
   197.99999999999946       ,    -7.2666240987477852E-006
   198.99999999999946       ,    -7.1937761967452375E-006
   199.99999999999946       ,    -7.1220182791826886E-006
   200.99999999999946       ,    -7.0513287088761862E-006
   201.99999999999946       ,    -6.9816863828866956E-006
   202.99999999999946       ,    -6.9130707167683809E-006
   203.99999999999943       ,    -6.8454616293567182E-006
   204.99999999999943       ,    -6.7788395280739219E-006
   205.99999999999943       ,    -6.7131852947334210E-006
   206.99999999999943       ,    -6.6484802718221531E-006
   207.99999999999943       ,    -6.5847062492443562E-006
   208.99999999999943       ,    -6.5218454515077189E-006
   209.99999999999943       ,    -6.4598805253357632E-006
   210.99999999999940       ,    -6.3987945276905163E-006
   211.99999999999940       ,    -6.3385709141889408E-006
   212.99999999999940       ,    -6.2791935279003061E-006
   213.99999999999940       ,    -6.2206465885079040E-006
   214.99999999999940       ,    -6.1629146818238404E-006
   215.99999999999940       ,    -6.1059827496422090E-006
   216.99999999999937       ,    -6.0498360799190538E-006
   217.99999999999937       ,    -5.9944602972667995E-006
   218.99999999999937       ,    -5.9398413537521880E-006
   219.99999999999937       ,    -5.8859655199857033E-006
   220.99999999999937       ,    -5.8328193764932733E-006
   221.99999999999937       ,    -5.7803898053589107E-006
   222.99999999999937       ,    -5.7286639821293444E-006
   223.99999999999935       ,    -5.6776293679708895E-006
   224.99999999999935       ,    -5.6272737020702987E-006
   225.99999999999935       ,    -5.5775849942694812E-006
   226.99999999999935       ,    -5.5285515179279382E-006
   227.99999999999935       ,    -5.4801618030030240E-006
   228.99999999999935       ,    -5.4324046293417113E-006
   229.99999999999935       ,    -5.3852690201759599E-006
   230.99999999999932       ,    -5.3387442358146973E-006
   231.99999999999932       ,    -5.2928197675257845E-006
   232.99999999999932       ,    -5.2474853316013599E-006
   233.99999999999932       ,    -5.2027308636004862E-006
   234.99999999999932       ,    -5.1585465127624821E-006
   235.99999999999932       ,    -5.1149226365862809E-006
   236.99999999999929       ,    -5.0718497955688654E-006
   237.99999999999929       ,    -5.0293187480987802E-006
   238.99999999999932       ,    -4.9873204454983324E-006
   239.99999999999935       ,    -4.9458460272102322E-006
   240.99999999999937       ,    -4.9048868161241681E-006
   241.99999999999937       ,    -4.8644343140377761E-006
   242.99999999999940       ,    -4.8244801972481690E-006
   243.99999999999943       ,    -4.7850163122699814E-006
   244.99999999999946       ,    -4.7460346716752852E-006
   245.99999999999949       ,    -4.7075274500513358E-006
   246.99999999999949       ,    -4.6694869800735628E-006
   247.99999999999952       ,    -4.6319057486880175E-006
   248.99999999999955       ,    -4.5947763934018568E-006
   249.99999999999957       ,    -4.5580916986769146E-006
   250.99999999999957       ,    -4.5218445924240226E-006
   251.99999999999960       ,    -4.4860281425942907E-006
   252.99999999999963       ,    -4.4506355538644368E-006
   253.99999999999966       ,    -4.4156601644136179E-006
   254.99999999999969       ,    -4.3810954427882858E-006
   255.99999999999969       ,    -4.3469349848527366E-006
   256.99999999999972       ,    -4.3131725108223827E-006
   257.99999999999972       ,    -4.2798018623776830E-006
   258.99999999999977       ,    -4.2468169998554907E-006
   259.99999999999977       ,    -4.2142119995164032E-006
   260.99999999999983       ,    -4.1819810508845510E-006
   261.99999999999983       ,    -4.1501184541592182E-006
   262.99999999999983       ,    -4.1186186176944357E-006
   263.99999999999989       ,    -4.0874760555456115E-006
   264.99999999999989       ,    -4.0566853850809233E-006
   265.99999999999994       ,    -4.0262413246552537E-006
   266.99999999999994       ,    -3.9961386913451994E-006
   267.99999999999994       ,    -3.9663723987428410E-006
   269.00000000000000       ,    -3.9369374548072538E-006
   270.00000000000000       ,    -3.9078289597710056E-006
   271.00000000000006       ,    -3.8790421041013152E-006
   272.00000000000006       ,    -3.8505721665131318E-006
   273.00000000000006       ,    -3.8224145120329904E-006
   274.00000000000011       ,    -3.7945645901127711E-006
   275.00000000000011       ,    -3.7670179327908132E-006
   276.00000000000011       ,    -3.7397701528999317E-006
   277.00000000000017       ,    -3.7128169423204407E-006
   278.00000000000017       ,    -3.6861540702772377E-006
   279.00000000000023       ,    -3.6597773816793883E-006
   280.00000000000023       ,    -3.6336827955013491E-006
   281.00000000000023       ,    -3.6078663032042129E-006
   282.00000000000028       ,    -3.5823239671961337E-006
   283.00000000000028       ,    -3.5570519193310598E-006
   284.00000000000034       ,    -3.5320463594439003E-006
   285.00000000000034       ,    -3.5073035539218865E-006
   286.00000000000034       ,    -3.4828198343110403E-006
   287.00000000000040       ,    -3.4585915959560634E-006
   288.00000000000040       ,    -3.4346152966737318E-006
   289.00000000000045       ,    -3.4108874554579934E-006
   290.00000000000045       ,    -3.3874046512164614E-006
   291.00000000000045       ,    -3.3641635215373493E-006
   292.00000000000051       ,    -3.3411607614855652E-006
   293.00000000000051       ,    -3.3183931224278225E-006
   294.00000000000057       ,    -3.2958574108855682E-006
   295.00000000000057       ,    -3.2735504874151592E-006
   296.00000000000057       ,    -3.2514692655143802E-006
   297.00000000000063       ,    -3.2296107105545381E-006
   298.00000000000063       ,    -3.2079718387381970E-006
   299.00000000000063       ,    -3.1865497160804243E-006
   300.00000000000068       ,    -3.1653414574145074E-006
   301.00000000000068       ,    -3.1443442254202943E-006
   302.00000000000074       ,    -3.1235552296752968E-006
   303.00000000000074       ,    -3.1029717257273739E-006
   304.00000000000074       ,    -3.0825910141891718E-006
   305.00000000000080       ,    -3.0624104398527821E-006
   306.00000000000080       ,    -3.0424273908251557E-006
   307.00000000000085       ,    -3.0226392976827799E-006
   308.00000000000085       ,    -3.0030436326457141E-006
   309.00000000000085       ,    -2.9836379087703726E-006
   310.00000000000091       ,    -2.9644196791602831E-006
   311.00000000000091       ,    -2.9453865361948833E-006
   312.00000000000097       ,    -2.9265361107752420E-006
   313.00000000000097       ,    -2.9078660715869650E-006
   314.00000000000097       ,    -2.8893741243793183E-006
   315.00000000000102       ,    -2.8710580112603214E-006
   316.00000000000102       ,    -2.8529155100074522E-006
   317.00000000000108       ,    -2.8349444333937508E-006
   318.00000000000108       ,    -2.8171426285283844E-006
   319.00000000000108       ,    -2.7995079762119554E-006
   320.00000000000114       ,    -2.7820383903057132E-006
   321.00000000000114       ,    -2.7647318171145998E-006
   322.00000000000114       ,    -2.7475862347836122E-006
   323.00000000000119       ,    -2.7305996527073519E-006
   324.00000000000119       ,    -2.7137701109520747E-006
   325.00000000000125       ,    -2.6970956796904509E-006
   326.00000000000125       ,    -2.6805744586482806E-006
   327.00000000000125       ,    -2.6642045765630007E-006
   328.00000000000131       ,    -2.6479841906538602E-006
   329.00000000000131       ,    -2.6319114861032801E-006
   330.00000000000136       ,    -2.6159846755491865E-006
   331.00000000000136       ,    -2.6002019985880521E-006
   332.00000000000136       ,    -2.5845617212885119E-006
   333.00000000000142       ,    -2.5690621357150310E-006
   334.00000000000142       ,    -2.5537015594616584E-006
   335.00000000000148       ,    -2.5384783351954069E-006
   336.00000000000148       ,    -2.5233908302092390E-006
   337.00000000000148       ,    -2.5084374359843293E-006
   338.00000000000153       ,    -2.4936165677611483E-006
   339.00000000000153       ,    -2.4789266641197258E-006
   340.00000000000153       ,    -2.4643661865683761E-006
   341.00000000000159       ,    -2.4499336191407325E-006
   342.00000000000159       ,    -2.4356274680012936E-006
   343.00000000000165       ,    -2.4214462610587890E-006
   344.00000000000165       ,    -2.4073885475874145E-006
   345.00000000000165       ,    -2.3934528978559473E-006
   346.00000000000171       ,    -2.3796379027640840E-006
   347.00000000000171       ,    -2.3659421734862330E-006
   348.00000000000176       ,    -2.3523643411225354E-006
   349.00000000000176       ,    -2.3389030563567002E-006
   350.00000000000176       ,    -2.3255569891208559E-006
   351.00000000000182       ,    -2.3123248282668291E-006
   352.00000000000182       ,    -2.2992052812443918E-006
   353.00000000000188       ,    -2.2861970737852234E-006
   354.00000000000188       ,    -2.2732989495938576E-006
   355.00000000000188       ,    -2.2605096700440647E-006
   356.00000000000193       ,    -2.2478280138816332E-006
   357.00000000000193       ,    -2.2352527769327614E-006
   358.00000000000199       ,    -2.2227827718181661E-006
   359.00000000000199       ,    -2.2104168276728413E-006
   360.00000000000199       ,    -2.1981537898711674E-006
   361.00000000000205       ,    -2.1859925197573897E-006
   362.00000000000205       ,    -2.1739318943813054E-006
   363.00000000000205       ,    -2.1619708062389819E-006
   364.00000000000210       ,    -2.1501081630185255E-006
   365.00000000000210       ,    -2.1383428873507468E-006
   366.00000000000216       ,    -2.1266739165644163E-006
   367.00000000000216       ,    -2.1151002024464151E-006
   368.00000000000216       ,    -2.1036207110062006E-006
   369.00000000000222       ,    -2.0922344222450206E-006
   370.00000000000222       ,    -2.0809403299291599E-006
   371.00000000000227       ,    -2.0697374413677894E-006
   372.00000000000227       ,    -2.0586247771946457E-006
   373.00000000000227       ,    -2.0476013711541279E-006
   374.00000000000233       ,    -2.0366662698912009E-006
   375.00000000000233       ,    -2.0258185327452713E-006
   376.00000000000239       ,    -2.0150572315478139E-006
   377.00000000000239       ,    -2.0043814504239291E-006
   378.00000000000239       ,    -1.9937902855974294E-006
   379.00000000000244       ,    -1.9832828451995127E-006
   380.00000000000244       ,    -1.9728582490810478E-006
   381.00000000000244       ,    -1.9625156286282327E-006
   382.00000000000250       ,    -1.9522541265816759E-006
   383.00000000000250       ,    -1.9420728968586826E-006
   384.00000000000256       ,    -1.9319711043789520E-006
   385.00000000000256       ,    -1.9219479248932551E-006
   386.00000000000256       ,    -1.9120025448153238E-006
   387.00000000000261       ,    -1.9021341610567215E-006
   388.00000000000261       ,    -1.8923419808647481E-006
   389.00000000000267       ,    -1.8826252216632263E-006
   390.00000000000267       ,    -1.8729831108961410E-006
   391.00000000000267       ,    -1.8634148858740005E-006
   392.00000000000273       ,    -1.8539197936231154E-006
   393.00000000000273       ,    -1.8444970907373999E-006
   394.00000000000279       ,    -1.8351460432328945E-006
   395.00000000000279       ,    -1.8258659264047687E-006
   396.00000000000279       ,    -1.8166560246869167E-006
   397.00000000000284       ,    -1.8075156315140775E-006
   398.00000000000284       ,    -1.7984440491862723E-006
   399.00000000000290       ,    -1.7894405887356318E-006
   400.00000000000290       ,    -1.7805045697956351E-006
   401.00000000000290       ,    -1.7716353204725221E-006
   402.00000000000296       ,    -1.7628321772190118E-006
   403.00000000000296       ,    -1.7540944847102185E-006
   404.00000000000296       ,    -1.7454215957216356E-006
   405.00000000000301       ,    -1.7368128710093227E-006
   406.00000000000301       ,    -1.7282676791920664E-006
   407.00000000000307       ,    -1.7197853966356658E-006
   408.00000000000307       ,    -1.7113654073391471E-006
   409.00000000000307       ,    -1.7030071028228088E-006
   410.00000000000313       ,    -1.6947098820184498E-006
   411.00000000000313       ,    -1.6864731511612077E-006
   412.00000000000318       ,    -1.6782963236833209E-006
   413.00000000000318       ,    -1.6701788201097621E-006
   414.00000000000318       ,    -1.6621200679555031E-006
   415.00000000000324       ,    -1.6541195016246331E-006
   416.00000000000324       ,    -1.6461765623110516E-006
   417.00000000000330       ,    -1.6382906979009729E-006
   418.00000000000330       ,    -1.6304613628768895E-006
   419.00000000000330       ,    -1.6226880182233114E-006
   420.00000000000335       ,    -1.6149701313339107E-006
   421.00000000000335       ,    -1.6073071759203736E-006
   422.00000000000335       ,    -1.5996986319225929E-006
   423.00000000000341       ,    -1.5921439854204889E-006
   424.00000000000341       ,    -1.5846427285472045E-006
   425.00000000000347       ,    -1.5771943594037625E-006
   426.00000000000347       ,    -1.5697983819750539E-006
   427.00000000000347       ,    -1.5624543060473150E-006
   428.00000000000352       ,    -1.5551616471269483E-006
   429.00000000000352       ,    -1.5479199263604457E-006
   430.00000000000358       ,    -1.5407286704559296E-006
   431.00000000000358       ,    -1.5335874116057753E-006
   432.00000000000358       ,    -1.5264956874105211E-006
   433.00000000000364       ,    -1.5194530408040057E-006
   434.00000000000364       ,    -1.5124590199797268E-006
   435.00000000000369       ,    -1.5055131783184196E-006
   436.00000000000369       ,    -1.4986150743166679E-006
   437.00000000000369       ,    -1.4917642715168535E-006
   438.00000000000375       ,    -1.4849603384380152E-006
   439.00000000000375       ,    -1.4782028485079568E-006
   440.00000000000381       ,    -1.4714913799963996E-006
   441.00000000000381       ,    -1.4648255159491210E-006
   442.00000000000381       ,    -1.4582048441232855E-006
   443.00000000000387       ,    -1.4516289569236223E-006
   444.00000000000387       ,    -1.4450974513396980E-006
   445.00000000000387       ,    -1.4386099288842447E-006
   446.00000000000392       ,    -1.4321659955323039E-006
   447.00000000000392       ,    -1.4257652616613979E-006
   448.00000000000398       ,    -1.4194073419926893E-006
   449.00000000000398       ,    -1.4130918555329583E-006
   450.00000000000398       ,    -1.4068184255175406E-006
   451.00000000000404       ,    -1.4005866793540909E-006
   452.00000000000404       ,    -1.3943962485673398E-006
   453.00000000000409       ,    -1.3882467687445641E-006
   454.00000000000409       ,    -1.3821378794819494E-006
   455.00000000000409       ,    -1.3760692243318501E-006
   456.00000000000415       ,    -1.3700404507507270E-006
   457.00000000000415       ,    -1.3640512100479341E-006
   458.00000000000421       ,    -1.3581011573353944E-006
   459.00000000000421       ,    -1.3521899514778329E-006
   460.00000000000421       ,    -1.3463172550439665E-006
   461.00000000000426       ,    -1.3404827342582696E-006
   462.00000000000426       ,    -1.3346860589536385E-006
   463.00000000000426       ,    -1.3289269025246269E-006
   464.00000000000432       ,    -1.3232049418814095E-006
   465.00000000000432       ,    -1.3175198574045631E-006
   466.00000000000438       ,    -1.3118713329003154E-006
   467.00000000000438       ,    -1.3062590555566873E-006
   468.00000000000438       ,    -1.3006827159000925E-006
   469.00000000000443       ,    -1.2951420077527496E-006
   470.00000000000443       ,    -1.2896366281905902E-006
   471.00000000000449       ,    -1.2841662775019137E-006
   472.00000000000449       ,    -1.2787306591465389E-006
   473.00000000000449       ,    -1.2733294797156438E-006
   474.00000000000455       ,    -1.2679624488921812E-006
   475.00000000000455       ,    -1.2626292794118622E-006
   476.00000000000460       ,    -1.2573296870246663E-006
   477.00000000000460       ,    -1.2520633904570518E-006
   478.00000000000455       ,    -1.2468301113745511E-006
   479.00000000000455       ,    -1.2416295743450467E-006
   480.00000000000449       ,    -1.2364615068025240E-006
   481.00000000000449       ,    -1.2313256390113305E-006
   482.00000000000443       ,    -1.2262217040310130E-006
   483.00000000000443       ,    -1.2211494376816039E-006
   484.00000000000438       ,    -1.2161085785094167E-006
   485.00000000000438       ,    -1.2110988677534360E-006
   486.00000000000432       ,    -1.2061200493120185E-006
   487.00000000000432       ,    -1.2011718697102142E-006
   488.00000000000426       ,    -1.1962540780674735E-006
   489.00000000000421       ,    -1.1913664260658908E-006
   490.00000000000421       ,    -1.1865086679187953E-006
   491.00000000000415       ,    -1.1816805603398928E-006
   492.00000000000415       ,    -1.1768818625128096E-006
   493.00000000000409       ,    -1.1721123360610425E-006
   494.00000000000409       ,    -1.1673717450183700E-006
   495.00000000000404       ,    -1.1626598557996231E-006
   496.00000000000404       ,    -1.1579764371719790E-006
   497.00000000000398       ,    -1.1533212602265594E-006
   498.00000000000398       ,    -1.1486940983504428E-006
   499.00000000000392       ,    -1.1440947271990987E-006
   500.00000000000392       ,    -1.1395229246692136E-006
   501.00000000000387       ,    -1.1349784708718427E-006
   502.00000000000381       ,    -1.1304611481059853E-006
   503.00000000000381       ,    -1.1259707408325464E-006
   504.00000000000375       ,    -1.1215070356485519E-006
   505.00000000000375       ,    -1.1170698212618490E-006
   506.00000000000369       ,    -1.1126588884660891E-006
   507.00000000000369       ,    -1.1082740301160660E-006
   508.00000000000364       ,    -1.1039150411033776E-006
   509.00000000000364       ,    -1.0995817183325047E-006
   510.00000000000358       ,    -1.0952738606970488E-006
   511.00000000000358       ,    -1.0909912690565011E-006
   512.00000000000352       ,    -1.0867337462131640E-006
   513.00000000000352       ,    -1.0825010968894593E-006
   514.00000000000341       ,    -1.0782931277055779E-006
   515.00000000000341       ,    -1.0741096471573418E-006
   516.00000000000341       ,    -1.0699504655944025E-006
   517.00000000000341       ,    -1.0658153951988430E-006
   518.00000000000330       ,    -1.0617042499638570E-006
   519.00000000000330       ,    -1.0576168456729163E-006
   520.00000000000330       ,    -1.0535529998790839E-006
   521.00000000000330       ,    -1.0495125318846557E-006
   522.00000000000318       ,    -1.0454952627211223E-006
   523.00000000000318       ,    -1.0415010151293016E-006
   524.00000000000318       ,    -1.0375296135397906E-006
   525.00000000000307       ,    -1.0335808840537081E-006
   526.00000000000307       ,    -1.0296546544235990E-006
   527.00000000000307       ,    -1.0257507540346988E-006
   528.00000000000307       ,    -1.0218690138863929E-006
   529.00000000000296       ,    -1.0180092665738883E-006
   530.00000000000296       ,    -1.0141713462702192E-006
   531.00000000000296       ,    -1.0103550887083864E-006
   532.00000000000296       ,    -1.0065603311638007E-006
   533.00000000000284       ,    -1.0027869124369563E-006
   534.00000000000284       ,    -9.9903467283628757E-007
   535.00000000000284       ,    -9.9530345416124528E-007
   536.00000000000284       ,    -9.9159309968569606E-007
   537.00000000000273       ,    -9.8790345414140636E-007
   538.00000000000273       ,    -9.8423436370180774E-007
   539.00000000000273       ,    -9.8058567596594706E-007
   540.00000000000261       ,    -9.7695723994274018E-007
   541.00000000000261       ,    -9.7334890603524781E-007
   542.00000000000261       ,    -9.6976052602532477E-007
   543.00000000000261       ,    -9.6619195305834902E-007
   544.00000000000250       ,    -9.6264304162826939E-007
   545.00000000000250       ,    -9.5911364756267606E-007
   546.00000000000250       ,    -9.5560362800823934E-007
   547.00000000000250       ,    -9.5211284141621193E-007
   548.00000000000239       ,    -9.4864114752818294E-007
   549.00000000000239       ,    -9.4518840736196868E-007
   550.00000000000239       ,    -9.4175448319769355E-007
   551.00000000000227       ,    -9.3833923856411294E-007
   552.00000000000227       ,    -9.3494253822497849E-007
   553.00000000000227       ,    -9.3156424816570518E-007
   554.00000000000227       ,    -9.2820423558010880E-007
   555.00000000000216       ,    -9.2486236885741122E-007
   556.00000000000216       ,    -9.2153851756930477E-007
   557.00000000000216       ,    -9.1823255245723577E-007
   558.00000000000216       ,    -9.1494434541984559E-007
   559.00000000000205       ,    -9.1167376950056240E-007
   560.00000000000205       ,    -9.0842069887533070E-007
   561.00000000000205       ,    -9.0518500884054623E-007
   562.00000000000193       ,    -9.0196657580104741E-007
   563.00000000000193       ,    -8.9876527725836073E-007
   564.00000000000193       ,    -8.9558099179902844E-007
   565.00000000000193       ,    -8.9241359908310655E-007
   566.00000000000182       ,    -8.8926297983276369E-007
   567.00000000000182       ,    -8.8612901582108270E-007
   568.00000000000182       ,    -8.8301158986096819E-007
   569.00000000000182       ,    -8.7991058579417015E-007
   570.00000000000171       ,    -8.7682588848046611E-007
   571.00000000000171       ,    -8.7375738378702193E-007
   572.00000000000171       ,    -8.7070495857775595E-007
   573.00000000000171       ,    -8.6766850070296423E-007
   574.00000000000159       ,    -8.6464789898901309E-007
   575.00000000000159       ,    -8.6164304322813848E-007
   576.00000000000159       ,    -8.5865382416843179E-007
   577.00000000000148       ,    -8.5568013350384966E-007
   578.00000000000148       ,    -8.5272186386449200E-007
   579.00000000000148       ,    -8.4977890880682105E-007
   580.00000000000148       ,    -8.4685116280411249E-007
   581.00000000000136       ,    -8.4393852123707526E-007
   582.00000000000136       ,    -8.4104088038433700E-007
   583.00000000000136       ,    -8.3815813741340687E-007
   584.00000000000136       ,    -8.3529019037139172E-007
   585.00000000000125       ,    -8.3243693817607000E-007
   586.00000000000125       ,    -8.2959828060695032E-007
   587.00000000000125       ,    -8.2677411829649519E-007
   588.00000000000114       ,    -8.2396435272139259E-007
   589.00000000000114       ,    -8.2116888619398756E-007
   590.00000000000114       ,    -8.1838762185378979E-007
   591.00000000000114       ,    -8.1562046365907282E-007
   592.00000000000102       ,    -8.1286731637859514E-007
   593.00000000000102       ,    -8.1012808558336779E-007
   594.00000000000102       ,    -8.0740267763863485E-007
   595.00000000000102       ,    -8.0469099969580131E-007
   596.00000000000091       ,    -8.0199295968454681E-007
   597.00000000000091       ,    -7.9930846630502135E-007
   598.00000000000091       ,    -7.9663742902011042E-007
   599.00000000000080       ,    -7.9397975804779605E-007
   600.00000000000080       ,    -7.9133536435363012E-007
   601.00000000000080       ,    -7.8870415964326172E-007
   602.00000000000080       ,    -7.8608605635507590E-007
   603.00000000000068       ,    -7.8348096765290643E-007
   604.00000000000068       ,    -7.8088880741882662E-007
   605.00000000000068       ,    -7.7830949024603738E-007
   606.00000000000068       ,    -7.7574293143184474E-007
   607.00000000000057       ,    -7.7318904697069704E-007
   608.00000000000057       ,    -7.7064775354729423E-007
   609.00000000000057       ,    -7.6811896852981391E-007
   610.00000000000057       ,    -7.6560260996319861E-007
   611.00000000000045       ,    -7.6309859656249323E-007
   612.00000000000045       ,    -7.6060684770629221E-007
   613.00000000000045       ,    -7.5812728343026189E-007
   614.00000000000034       ,    -7.5565982442069837E-007
   615.00000000000034       ,    -7.5320439200821462E-007
   616.00000000000034       ,    -7.5076090816143637E-007
   617.00000000000034       ,    -7.4832929548084511E-007
   618.00000000000023       ,    -7.4590947719259729E-007
   619.00000000000023       ,    -7.4350137714252237E-007
   620.00000000000023       ,    -7.4110491979007913E-007
   621.00000000000023       ,    -7.3872003020245648E-007
   622.00000000000011       ,    -7.3634663404872559E-007
   623.00000000000011       ,    -7.3398465759400644E-007
   624.00000000000011       ,    -7.3163402769381347E-007
   625.00000000000000       ,    -7.2929467178830147E-007
   626.00000000000000       ,    -7.2696651789674814E-007
   627.00000000000000       ,    -7.2464949461196138E-007
   628.00000000000000       ,    -7.2234353109483730E-007
   628.99999999999989       ,    -7.2004855706892482E-007
   629.99999999999989       ,    -7.1776450281508129E-007
   630.99999999999989       ,    -7.1549129916618666E-007
   631.99999999999989       ,    -7.1322887750186834E-007
   632.99999999999977       ,    -7.1097716974338378E-007
   633.99999999999977       ,    -7.0873610834844521E-007
   634.99999999999977       ,    -7.0650562630617298E-007
   635.99999999999966       ,    -7.0428565713210287E-007
   636.99999999999966       ,    -7.0207613486320170E-007
   637.99999999999966       ,    -6.9987699405299540E-007
   638.99999999999966       ,    -6.9768816976669661E-007
   639.99999999999955       ,    -6.9550959757643772E-007
   640.99999999999955       ,    -6.9334121355649577E-007
   641.99999999999955       ,    -6.9118295427865610E-007
   642.99999999999955       ,    -6.8903475680750654E-007
   643.99999999999943       ,    -6.8689655869590845E-007
   644.99999999999943       ,    -6.8476829798042695E-007
   645.99999999999943       ,    -6.8264991317684485E-007
   646.99999999999932       ,    -6.8054134327572344E-007
   647.99999999999932       ,    -6.7844252773802578E-007
   648.99999999999932       ,    -6.7635340649074205E-007
   649.99999999999932       ,    -6.7427391992262152E-007
   650.99999999999920       ,    -6.7220400887989309E-007
   651.99999999999920       ,    -6.7014361466207745E-007
   652.99999999999920       ,    -6.6809267901781376E-007
   653.99999999999920       ,    -6.6605114414075547E-007
   654.99999999999909       ,    -6.6401895266548006E-007
   655.99999999999909       ,    -6.6199604766347056E-007
   656.99999999999909       ,    -6.5998237263912758E-007
   657.99999999999909       ,    -6.5797787152582405E-007
   658.99999999999898       ,    -6.5598248868200049E-007
   659.99999999999898       ,    -6.5399616888730225E-007
   660.99999999999898       ,    -6.5201885733875767E-007
   661.99999999999886       ,    -6.5005049964701674E-007
   662.99999999999886       ,    -6.4809104183258108E-007
   663.99999999999886       ,    -6.4614043032213622E-007
   664.99999999999886       ,    -6.4419861194483852E-007
   665.99999999999875       ,    -6.4226553392876558E-007
   666.99999999999875       ,    -6.4034114389726019E-007
   667.99999999999875       ,    -6.3842538986542223E-007
   668.99999999999875       ,    -6.3651822023658571E-007
   669.99999999999864       ,    -6.3461958379886009E-007
   670.99999999999864       ,    -6.3272942972165505E-007
   671.99999999999864       ,    -6.3084770755232065E-007
   672.99999999999852       ,    -6.2897436721275838E-007
   673.99999999999852       ,    -6.2710935899608974E-007
   674.99999999999852       ,    -6.2525263356336160E-007
   675.99999999999852       ,    -6.2340414194029649E-007
   676.99999999999841       ,    -6.2156383551402523E-007
   677.99999999999841       ,    -6.1973166602994173E-007
   678.99999999999841       ,    -6.1790758558849978E-007
   679.99999999999841       ,    -6.1609154664210100E-007
   680.99999999999829       ,    -6.1428350199199201E-007
   681.99999999999829       ,    -6.1248340478519213E-007
   682.99999999999829       ,    -6.1069120851146942E-007
   683.99999999999818       ,    -6.0890686700033377E-007
   684.99999999999818       ,    -6.0713033441804528E-007
   685.99999999999818       ,    -6.0536156526470465E-007
   686.99999999999818       ,    -6.0360051437130122E-007
   687.99999999999807       ,    -6.0184713689686156E-007
   688.99999999999807       ,    -6.0010138832558087E-007
   689.99999999999807       ,    -5.9836322446399688E-007
   690.99999999999807       ,    -5.9663260143819092E-007
   691.99999999999795       ,    -5.9490947569102967E-007
   692.99999999999795       ,    -5.9319380397940912E-007
   693.99999999999795       ,    -5.9148554337156873E-007
   694.99999999999795       ,    -5.8978465124436230E-007
   695.99999999999784       ,    -5.8809108528064233E-007
   696.99999999999784       ,    -5.8640480346660500E-007
   697.99999999999784       ,    -5.8472576408918713E-007
   698.99999999999773       ,    -5.8305392573349011E-007
   699.99999999999773       ,    -5.8138924728022117E-007
   700.99999999999773       ,    -5.7973168790317556E-007
   701.99999999999773       ,    -5.7808120706672040E-007
   702.99999999999761       ,    -5.7643776452332552E-007
   703.99999999999761       ,    -5.7480132031110706E-007
   704.99999999999761       ,    -5.7317183475138871E-007
   705.99999999999761       ,    -5.7154926844631706E-007
   706.99999999999750       ,    -5.6993358227646159E-007
   707.99999999999750       ,    -5.6832473739847519E-007
   708.99999999999750       ,    -5.6672269524272498E-007
   709.99999999999739       ,    -5.6512741751102729E-007
   710.99999999999739       ,    -5.6353886617431995E-007
   711.99999999999739       ,    -5.6195700347042025E-007
   712.99999999999739       ,    -5.6038179190176396E-007
   713.99999999999727       ,    -5.5881319423319935E-007
   714.99999999999727       ,    -5.5725117348976902E-007
   715.99999999999727       ,    -5.5569569295455380E-007
   716.99999999999727       ,    -5.5414671616647964E-007
   717.99999999999716       ,    -5.5260420691822164E-007
   718.99999999999716       ,    -5.5106812925405939E-007
   719.99999999999716       ,    -5.4953844746780361E-007
   720.99999999999704       ,    -5.4801512610068893E-007
   721.99999999999704       ,    -5.4649812993935633E-007
   722.99999999999704       ,    -5.4498742401380175E-007
   723.99999999999704       ,    -5.4348297359533640E-007
   724.99999999999693       ,    -5.4198474419464329E-007
   725.99999999999693       ,    -5.4049270155975489E-007
   726.99999999999693       ,    -5.3900681167411867E-007
   727.99999999999693       ,    -5.3752704075464164E-007
   728.99999999999682       ,    -5.3605335524979958E-007
   729.99999999999682       ,    -5.3458572183769834E-007
   730.99999999999682       ,    -5.3312410742421085E-007
   731.99999999999682       ,    -5.3166847914111562E-007
   732.99999999999670       ,    -5.3021880434423328E-007
   733.99999999999670       ,    -5.2877505061161416E-007
   734.99999999999670       ,    -5.2733718574169510E-007
   735.99999999999659       ,    -5.2590517775156043E-007
   736.99999999999659       ,    -5.2447899487509245E-007
   737.99999999999659       ,    -5.2305860556126679E-007
   738.99999999999659       ,    -5.2164397847236855E-007
   739.99999999999648       ,    -5.2023508248230067E-007
   740.99999999999648       ,    -5.1883188667484010E-007
   741.99999999999648       ,    -5.1743436034196005E-007
   742.99999999999648       ,    -5.1604247298212435E-007
   743.99999999999636       ,    -5.1465619429867222E-007
   744.99999999999636       ,    -5.1327549419811461E-007
   745.99999999999636       ,    -5.1190034278854426E-007
   746.99999999999625       ,    -5.1053071037798341E-007
   747.99999999999625       ,    -5.0916656747281272E-007
   748.99999999999625       ,    -5.0780788477615730E-007
   749.99999999999625       ,    -5.0645463318632767E-007
   750.99999999999613       ,    -5.0510678379525698E-007
   751.99999999999613       ,    -5.0376430788696320E-007
   752.99999999999613       ,    -5.0242717693600662E-007
   753.99999999999613       ,    -5.0109536260599497E-007
   754.99999999999602       ,    -4.9976883674805333E-007
   755.99999999999602       ,    -4.9844757139936857E-007
   756.99999999999602       ,    -4.9713153878169211E-007
   757.99999999999591       ,    -4.9582071129989036E-007
   758.99999999999591       ,    -4.9451506154049457E-007
   759.99999999999591       ,    -4.9321456227027655E-007
   760.99999999999591       ,    -4.9191918643480217E-007
   761.99999999999579       ,    -4.9062890715707098E-007
   762.99999999999579       ,    -4.8934369773607060E-007
   763.99999999999579       ,    -4.8806353164543041E-007
   764.99999999999579       ,    -4.8678838253203350E-007
   765.99999999999568       ,    -4.8551822421468218E-007
   766.99999999999568       ,    -4.8425303068272332E-007
   767.99999999999568       ,    -4.8299277609475209E-007
   768.99999999999568       ,    -4.8173743477724879E-007
   769.99999999999557       ,    -4.8048698122332489E-007
   770.99999999999557       ,    -4.7924139009137983E-007
   771.99999999999557       ,    -4.7800063620384102E-007
   772.99999999999545       ,    -4.7676469454588555E-007
   773.99999999999545       ,    -4.7553354026419095E-007
   774.99999999999545       ,    -4.7430714866565608E-007
   775.99999999999545       ,    -4.7308549521620042E-007
   776.99999999999534       ,    -4.7186855553950403E-007
   777.99999999999534       ,    -4.7065630541582102E-007
   778.99999999999534       ,    -4.6944872078074762E-007
   779.99999999999534       ,    -4.6824577772404875E-007
   780.99999999999523       ,    -4.6704745248845448E-007
   781.99999999999523       ,    -4.6585372146851203E-007
   782.99999999999523       ,    -4.6466456120939846E-007
   783.99999999999511       ,    -4.6347994840578997E-007
   784.99999999999511       ,    -4.6229985990070182E-007
   785.99999999999511       ,    -4.6112427268436109E-007
   786.99999999999511       ,    -4.5995316389310775E-007
   787.99999999999500       ,    -4.5878651080823570E-007
   788.99999999999500       ,    -4.5762429085494375E-007
   789.99999999999500       ,    -4.5646648160120435E-007
   790.99999999999500       ,    -4.5531306075669286E-007
   791.99999999999488       ,    -4.5416400617174309E-007
   792.99999999999488       ,    -4.5301929583621702E-007
   793.99999999999488       ,    -4.5187890787853061E-007
   794.99999999999477       ,    -4.5074282056455020E-007
   795.99999999999477       ,    -4.4961101229658163E-007
   796.99999999999477       ,    -4.4848346161233728E-007
   797.99999999999477       ,    -4.4736014718392045E-007
   798.99999999999466       ,    -4.4624104781682801E-007
   799.99999999999466       ,    -4.4512614244892275E-007
   800.99999999999466       ,    -4.4401541014947019E-007
   801.99999999999466       ,    -4.4290883011814260E-007
   802.99999999999454       ,    -4.4180638168405238E-007
   803.99999999999454       ,    -4.4070804430476370E-007
   804.99999999999454       ,    -4.3961379756538715E-007
   805.99999999999443       ,    -4.3852362117756706E-007
   806.99999999999443       ,    -4.3743749497858700E-007
   807.99999999999443       ,    -4.3635539893042044E-007
   808.99999999999443       ,    -4.3527731311880840E-007
   809.99999999999432       ,    -4.3420321775233999E-007
   810.99999999999432       ,    -4.3313309316155402E-007
   811.99999999999432       ,    -4.3206691979802899E-007
   812.99999999999432       ,    -4.3100467823348888E-007
   813.99999999999420       ,    -4.2994634915892900E-007
   814.99999999999420       ,    -4.2889191338373195E-007
   815.99999999999420       ,    -4.2784135183479949E-007
   816.99999999999420       ,    -4.2679464555567377E-007
   817.99999999999409       ,    -4.2575177570571391E-007
   818.99999999999409       ,    -4.2471272355922934E-007
   819.99999999999409       ,    -4.2367747050462462E-007
   820.99999999999397       ,    -4.2264599804360963E-007
   821.99999999999397       ,    -4.2161828779031448E-007
   822.99999999999397       ,    -4.2059432147052901E-007
   823.99999999999397       ,    -4.1957408092084220E-007
   824.99999999999386       ,    -4.1855754808787454E-007
   825.99999999999386       ,    -4.1754470502745238E-007
   826.99999999999386       ,    -4.1653553390383010E-007
   827.99999999999386       ,    -4.1553001698888902E-007
   828.99999999999375       ,    -4.1452813666138806E-007
   829.99999999999375       ,    -4.1352987540617214E-007
   830.99999999999375       ,    -4.1253521581339554E-007
   831.99999999999363       ,    -4.1154414057777788E-007
   832.99999999999363       ,    -4.1055663249786448E-007
   833.99999999999363       ,    -4.0957267447525573E-007
   834.99999999999363       ,    -4.0859224951387148E-007
   835.99999999999352       ,    -4.0761534071923556E-007
   836.99999999999352       ,    -4.0664193129772013E-007
   837.99999999999352       ,    -4.0567200455584136E-007
   838.99999999999352       ,    -4.0470554389954524E-007
   839.99999999999341       ,    -4.0374253283349012E-007
   840.99999999999341       ,    -4.0278295496035106E-007
   841.99999999999341       ,    -4.0182679398010479E-007
   842.99999999999329       ,    -4.0087403368935954E-007
   843.99999999999329       ,    -3.9992465798066108E-007
   844.99999999999329       ,    -3.9897865084179052E-007
   845.99999999999329       ,    -3.9803599635513605E-007
   846.99999999999318       ,    -3.9709667869696655E-007
   847.99999999999318       ,    -3.9616068213681505E-007
   848.99999999999318       ,    -3.9522799103679166E-007
   849.99999999999318       ,    -3.9429858985095285E-007
   850.99999999999307       ,    -3.9337246312461678E-007
   851.99999999999307       ,    -3.9244959549377395E-007
   852.99999999999307       ,    -3.9152997168439448E-007
   853.99999999999307       ,    -3.9061357651184251E-007
   854.99999999999295       ,    -3.8970039488021568E-007
   855.99999999999295       ,    -3.8879041178174909E-007
   856.99999999999295       ,    -3.8788361229617357E-007
   857.99999999999284       ,    -3.8697998159012449E-007
   858.99999999999284       ,    -3.8607950491652970E-007
   859.99999999999284       ,    -3.8518216761399553E-007
   860.99999999999284       ,    -3.8428795510623922E-007
   861.99999999999272       ,    -3.8339685290145658E-007
   862.99999999999272       ,    -3.8250884659177703E-007
   863.99999999999272       ,    -3.8162392185264262E-007
   864.99999999999272       ,    -3.8074206444225986E-007
   865.99999999999261       ,    -3.7986326020101313E-007
   866.99999999999261       ,    -3.7898749505089784E-007
   867.99999999999261       ,    -3.7811475499494542E-007
   868.99999999999250       ,    -3.7724502611669682E-007
   869.99999999999250       ,    -3.7637829457961897E-007
   870.99999999999250       ,    -3.7551454662655152E-007
   871.99999999999250       ,    -3.7465376857917968E-007
   872.99999999999238       ,    -3.7379594683749089E-007
   873.99999999999238       ,    -3.7294106787922513E-007
   874.99999999999238       ,    -3.7208911825934711E-007
   875.99999999999238       ,    -3.7124008460951773E-007
   876.99999999999227       ,    -3.7039395363757262E-007
   877.99999999999227       ,    -3.6955071212700376E-007
   878.99999999999227       ,    -3.6871034693643061E-007
   879.99999999999216       ,    -3.6787284499911127E-007
   880.99999999999216       ,    -3.6703819332240646E-007
   881.99999999999216       ,    -3.6620637898729328E-007
   882.99999999999216       ,    -3.6537738914786946E-007
   883.99999999999204       ,    -3.6455121103083308E-007
   884.99999999999204       ,    -3.6372783193502771E-007
   885.99999999999204       ,    -3.6290723923091701E-007
   886.99999999999204       ,    -3.6208942036012071E-007
   887.99999999999193       ,    -3.6127436283493583E-007
   888.99999999999193       ,    -3.6046205423785053E-007
   889.99999999999193       ,    -3.5965248222107404E-007
   890.99999999999193       ,    -3.5884563450606937E-007
   891.99999999999181       ,    -3.5804149888308757E-007
   892.99999999999181       ,    -3.5724006321070305E-007
   893.99999999999181       ,    -3.5644131541536192E-007
   894.99999999999170       ,    -3.5564524349091768E-007
   895.99999999999170       ,    -3.5485183549818504E-007
   896.99999999999170       ,    -3.5406107956449873E-007
   897.99999999999170       ,    -3.5327296388325492E-007
   898.99999999999159       ,    -3.5248747671348169E-007
   899.99999999999159       ,    -3.5170460637939716E-007
   900.99999999999159       ,    -3.5092434126998153E-007
   901.99999999999159       ,    -3.5014666983853661E-007
   902.99999999999147       ,    -3.4937158060226512E-007
   903.99999999999147       ,    -3.4859906214184829E-007
   904.99999999999147       ,    -3.4782910310101883E-007
   905.99999999999136       ,    -3.4706169218615315E-007
   906.99999999999136       ,    -3.4629681816584124E-007
   907.99999999999136       ,    -3.4553446987050128E-007
   908.99999999999136       ,    -3.4477463619193768E-007
   909.99999999999125       ,    -3.4401730608297561E-007
   910.99999999999125       ,    -3.4326246855702080E-007
   911.99999999999125       ,    -3.4251011268769265E-007
   912.99999999999125       ,    -3.4176022760840755E-007
   913.99999999999113       ,    -3.4101280251199601E-007
   914.99999999999113       ,    -3.4026782665031634E-007
   915.99999999999113       ,    -3.3952528933386119E-007
   916.99999999999102       ,    -3.3878517993137320E-007
   917.99999999999102       ,    -3.3804748786947252E-007
   918.99999999999102       ,    -3.3731220263227059E-007
   919.99999999999102       ,    -3.3657931376100263E-007
   920.99999999999091       ,    -3.3584881085365093E-007
   921.99999999999091       ,    -3.3512068356457926E-007
   922.99999999999091       ,    -3.3439492160416253E-007
   923.99999999999091       ,    -3.3367151473842425E-007
   924.99999999999079       ,    -3.3295045278867913E-007
   925.99999999999079       ,    -3.3223172563116932E-007
   926.99999999999079       ,    -3.3151532319671839E-007
   927.99999999999068       ,    -3.3080123547036608E-007
   928.99999999999068       ,    -3.3008945249103123E-007
   929.99999999999068       ,    -3.2937996435115326E-007
   930.99999999999068       ,    -3.2867276119635526E-007
   931.99999999999056       ,    -3.2796783322508992E-007
   932.99999999999056       ,    -3.2726517068832877E-007
   933.99999999999056       ,    -3.2656476388918406E-007
   934.99999999999056       ,    -3.2586660318260374E-007
   935.99999999999045       ,    -3.2517067897503447E-007
   936.99999999999045       ,    -3.2447698172408396E-007
   937.99999999999045       ,    -3.2378550193819969E-007
   938.99999999999045       ,    -3.2309623017634084E-007
   939.99999999999034       ,    -3.2240915704765963E-007
   940.99999999999034       ,    -3.2172427321118478E-007
   941.99999999999034       ,    -3.2104156937548986E-007
   942.99999999999022       ,    -3.2036103629839609E-007
   943.99999999999022       ,    -3.1968266478664685E-007
   944.99999999999022       ,    -3.1900644569559808E-007
   945.99999999999022       ,    -3.1833236992892508E-007
   946.99999999999011       ,    -3.1766042843828959E-007
   947.99999999999011       ,    -3.1699061222305848E-007
   948.99999999999011       ,    -3.1632291233000461E-007
   949.99999999999011       ,    -3.1565731985297777E-007
   950.99999999999000       ,    -3.1499382593264876E-007
   951.99999999999000       ,    -3.1433242175617948E-007
   952.99999999999000       ,    -3.1367309855695486E-007
   953.99999999998988       ,    -3.1301584761427354E-007
   954.99999999999000       ,    -3.1236066025307702E-007
   955.99999999999011       ,    -3.1170752784364922E-007
   956.99999999999011       ,    -3.1105644180133614E-007
   957.99999999999022       ,    -3.1040739358627317E-007
   958.99999999999034       ,    -3.0976037470309063E-007
   959.99999999999034       ,    -3.0911537670064343E-007
   960.99999999999045       ,    -3.0847239117173556E-007
   961.99999999999056       ,    -3.0783140975284632E-007
   962.99999999999056       ,    -3.0719242412385204E-007
   963.99999999999068       ,    -3.0655542600776501E-007
   964.99999999999079       ,    -3.0592040717046233E-007
   965.99999999999079       ,    -3.0528735942041152E-007
   966.99999999999091       ,    -3.0465627460842256E-007
   967.99999999999102       ,    -3.0402714462736514E-007
   968.99999999999102       ,    -3.0339996141193530E-007
   969.99999999999113       ,    -3.0277471693836842E-007
   970.99999999999125       ,    -3.0215140322420506E-007
   971.99999999999125       ,    -3.0153001232801490E-007
   972.99999999999136       ,    -3.0091053634916789E-007
   973.99999999999147       ,    -3.0029296742756361E-007
   974.99999999999147       ,    -2.9967729774339247E-007
   975.99999999999159       ,    -2.9906351951687929E-007
   976.99999999999170       ,    -2.9845162500805321E-007
   977.99999999999170       ,    -2.9784160651648488E-007
   978.99999999999181       ,    -2.9723345638105091E-007
   979.99999999999193       ,    -2.9662716697970855E-007
   980.99999999999193       ,    -2.9602273072922906E-007
   981.99999999999204       ,    -2.9542014008498410E-007
   982.99999999999216       ,    -2.9481938754069707E-007
   983.99999999999216       ,    -2.9422046562821209E-007
   984.99999999999227       ,    -2.9362336691727367E-007
   985.99999999999238       ,    -2.9302808401527000E-007
   986.99999999999238       ,    -2.9243460956703596E-007
   987.99999999999250       ,    -2.9184293625460122E-007
   988.99999999999261       ,    -2.9125305679697133E-007
   989.99999999999261       ,    -2.9066496394991435E-007
   990.99999999999272       ,    -2.9007865050572366E-007
   991.99999999999284       ,    -2.8949410929300369E-007
   992.99999999999284       ,    -2.8891133317645510E-007
   993.99999999999295       ,    -2.8833031505664905E-007
   994.99999999999307       ,    -2.8775104786981009E-007
   995.99999999999307       ,    -2.8717352458761928E-007
   996.99999999999318       ,    -2.8659773821696901E-007
   997.99999999999329       ,    -2.8602368179978352E-007
   998.99999999999329       ,    -2.8545134841278877E-007
   999.99999999999341       ,    -2.8488073116730997E-007
   1000.9999999999935       ,    -2.8431182320906994E-007
   1001.9999999999935       ,    -2.8374461771796735E-007
   1002.9999999999936       ,    -2.8317910790789260E-007
   1003.9999999999937       ,    -2.8261528702650448E-007
   1004.9999999999937       ,    -2.8205314835505069E-007
   1005.9999999999939       ,    -2.8149268520814317E-007
   1006.9999999999939       ,    -2.8093389093358398E-007
   1007.9999999999940       ,    -2.8037675891214545E-007
   1008.9999999999941       ,    -2.7982128255739005E-007
   1009.9999999999941       ,    -2.7926745531546913E-007
   1010.9999999999942       ,    -2.7871527066493060E-007
   1011.9999999999943       ,    -2.7816472211653069E-007
   1012.9999999999943       ,    -2.7761580321302920E-007
   1013.9999999999944       ,    -2.7706850752902313E-007
   1014.9999999999945       ,    -2.7652282867073636E-007
   1015.9999999999945       ,    -2.7597876027585239E-007
   1016.9999999999947       ,    -2.7543629601330826E-007
   1017.9999999999948       ,    -2.7489542958313332E-007
   1018.9999999999948       ,    -2.7435615471623984E-007
   1019.9999999999949       ,    -2.7381846517426950E-007
   1020.9999999999950       ,    -2.7328235474939137E-007
   1021.9999999999950       ,    -2.7274781726413132E-007
   1022.9999999999951       ,    -2.7221484657119850E-007
   1023.9999999999952       ,    -2.7168343655329704E-007
   1024.9999999999952       ,    -2.7115358112296034E-007
   1025.9999999999955       ,    -2.7062527422237208E-007
   1026.9999999999955       ,    -2.7009850982319750E-007
   1027.9999999999955       ,    -2.6957328192640098E-007
   1028.9999999999957       ,    -2.6904958456209135E-007
   1029.9999999999957       ,    -2.6852741178934102E-007
   1030.9999999999957       ,    -2.6800675769601059E-007
   1031.9999999999959       ,    -2.6748761639860698E-007
   1032.9999999999959       ,    -2.6696998204208775E-007
   1033.9999999999959       ,    -2.6645384879971492E-007
   1034.9999999999959       ,    -2.6593921087288752E-007
   1035.9999999999961       ,    -2.6542606249096896E-007
   1036.9999999999961       ,    -2.6491439791114463E-007
   1037.9999999999961       ,    -2.6440421141823420E-007
   1038.9999999999964       ,    -2.6389549732456285E-007
   1039.9999999999964       ,    -2.6338824996977557E-007
   1040.9999999999964       ,    -2.6288246372069758E-007
   1041.9999999999966       ,    -2.6237813297116912E-007
   1042.9999999999966       ,    -2.6187525214189554E-007
   1043.9999999999966       ,    -2.6137381568028582E-007
   1044.9999999999968       ,    -2.6087381806030791E-007
   1045.9999999999968       ,    -2.6037525378233058E-007
   1046.9999999999968       ,    -2.5987811737297081E-007
   1047.9999999999970       ,    -2.5938240338495283E-007
   1048.9999999999970       ,    -2.5888810639694899E-007
   1049.9999999999970       ,    -2.5839522101343253E-007
   1050.9999999999973       ,    -2.5790374186453727E-007
   1051.9999999999973       ,    -2.5741366360590265E-007
   1052.9999999999973       ,    -2.5692498091854192E-007
   1053.9999999999975       ,    -2.5643768850867909E-007
   1054.9999999999975       ,    -2.5595178110762106E-007
   1055.9999999999975       ,    -2.5546725347160241E-007
   1056.9999999999977       ,    -2.5498410038165914E-007
   1057.9999999999977       ,    -2.5450231664347674E-007
   1058.9999999999977       ,    -2.5402189708725169E-007
   1059.9999999999980       ,    -2.5354283656755866E-007
   1060.9999999999980       ,    -2.5306512996320403E-007
   1061.9999999999980       ,    -2.5258877217709956E-007
   1062.9999999999982       ,    -2.5211375813611489E-007
   1063.9999999999982       ,    -2.5164008279095511E-007
   1064.9999999999982       ,    -2.5116774111601202E-007
   1065.9999999999984       ,    -2.5069672810924224E-007
   1066.9999999999984       ,    -2.5022703879203688E-007
   1067.9999999999984       ,    -2.4975866820907486E-007
   1068.9999999999986       ,    -2.4929161142820734E-007
   1069.9999999999986       ,    -2.4882586354031407E-007
   1070.9999999999986       ,    -2.4836141965919904E-007
   1071.9999999999989       ,    -2.4789827492142793E-007
   1072.9999999999989       ,    -2.4743642448623142E-007
   1073.9999999999989       ,    -2.4697586353535450E-007
   1074.9999999999991       ,    -2.4651658727295363E-007
   1075.9999999999991       ,    -2.4605859092545331E-007
   1076.9999999999991       ,    -2.4560186974143058E-007
   1077.9999999999993       ,    -2.4514641899148936E-007
   1078.9999999999993       ,    -2.4469223396814437E-007
   1079.9999999999993       ,    -2.4423930998568774E-007
   1080.9999999999995       ,    -2.4378764238007931E-007
   1081.9999999999995       ,    -2.4333722650881391E-007
   1082.9999999999995       ,    -2.4288805775082458E-007
   1083.9999999999998       ,    -2.4244013150633268E-007
   1084.9999999999998       ,    -2.4199344319676110E-007
   1085.9999999999998       ,    -2.4154798826459043E-007
   1087.0000000000000       ,    -2.4110376217326757E-007
   1088.0000000000000       ,    -2.4066076040706888E-007
   1089.0000000000000       ,    -2.4021897847099983E-007
   1090.0000000000002       ,    -2.3977841189067108E-007
   1091.0000000000002       ,    -2.3933905621219424E-007
   1092.0000000000002       ,    -2.3890090700206190E-007
   1093.0000000000005       ,    -2.3846395984704109E-007
   1094.0000000000005       ,    -2.3802821035405462E-007
   1095.0000000000005       ,    -2.3759365415008568E-007
   1096.0000000000007       ,    -2.3716028688204791E-007
   1097.0000000000007       ,    -2.3672810421669459E-007
   1098.0000000000007       ,    -2.3629710184049402E-007
   1099.0000000000009       ,    -2.3586727545953686E-007
   1100.0000000000009       ,    -2.3543862079942511E-007
   1101.0000000000009       ,    -2.3501113360515725E-007
   1102.0000000000011       ,    -2.3458480964102959E-007
   1103.0000000000011       ,    -2.3415964469053298E-007
   1104.0000000000011       ,    -2.3373563455624534E-007
   1105.0000000000014       ,    -2.3331277505972863E-007
   1106.0000000000014       ,    -2.3289106204142653E-007
   1107.0000000000014       ,    -2.3247049136056001E-007
   1108.0000000000016       ,    -2.3205105889502770E-007
   1109.0000000000016       ,    -2.3163276054131064E-007
   1110.0000000000016       ,    -2.3121559221435392E-007
   1111.0000000000018       ,    -2.3079954984749194E-007
   1112.0000000000018       ,    -2.3038462939232664E-007
   1113.0000000000018       ,    -2.2997082681864447E-007
   1114.0000000000020       ,    -2.2955813811431051E-007
   1115.0000000000020       ,    -2.2914655928517161E-007
   1116.0000000000020       ,    -2.2873608635496216E-007
   1117.0000000000023       ,    -2.2832671536521200E-007
   1118.0000000000023       ,    -2.2791844237514132E-007
   1119.0000000000023       ,    -2.2751126346157219E-007
   1120.0000000000025       ,    -2.2710517471883355E-007
   1121.0000000000025       ,    -2.2670017225866801E-007
   1122.0000000000025       ,    -2.2629625221013590E-007
   1123.0000000000027       ,    -2.2589341071952617E-007
   1124.0000000000027       ,    -2.2549164395026246E-007
   1125.0000000000027       ,    -2.2509094808281098E-007
   1126.0000000000030       ,    -2.2469131931459042E-007
   1127.0000000000030       ,    -2.2429275385988663E-007
   1128.0000000000030       ,    -2.2389524794975793E-007
   1129.0000000000032       ,    -2.2349879783194352E-007
   1130.0000000000032       ,    -2.2310339977077669E-007
   1131.0000000000032       ,    -2.2270905004710505E-007
   1132.0000000000034       ,    -2.2231574495819005E-007
   1133.0000000000034       ,    -2.2192348081763224E-007
   1134.0000000000034       ,    -2.2153225395527160E-007
   1135.0000000000036       ,    -2.2114206071711587E-007
   1136.0000000000036       ,    -2.2075289746524205E-007
   1137.0000000000036       ,    -2.2036476057772573E-007
   1138.0000000000039       ,    -2.1997764644854164E-007
   1139.0000000000039       ,    -2.1959155148749278E-007
   1140.0000000000039       ,    -2.1920647212011666E-007
   1141.0000000000041       ,    -2.1882240478761500E-007
   1142.0000000000041       ,    -2.1843934594675535E-007
   1143.0000000000041       ,    -2.1805729206980436E-007
   1144.0000000000043       ,    -2.1767623964443862E-007
   1145.0000000000043       ,    -2.1729618517366547E-007
   1146.0000000000043       ,    -2.1691712517574003E-007
   1147.0000000000045       ,    -2.1653905618409647E-007
   1148.0000000000045       ,    -2.1616197474725438E-007
   1149.0000000000045       ,    -2.1578587742874449E-007
   1150.0000000000045       ,    -2.1541076080703406E-007
   1151.0000000000048       ,    -2.1503662147545420E-007
   1152.0000000000048       ,    -2.1466345604210697E-007
   1153.0000000000048       ,    -2.1429126112979823E-007
   1154.0000000000050       ,    -2.1392003337596160E-007
   1155.0000000000050       ,    -2.1354976943258707E-007
   1156.0000000000050       ,    -2.1318046596612295E-007
   1157.0000000000052       ,    -2.1281211965743404E-007
   1158.0000000000052       ,    -2.1244472720170386E-007
   1159.0000000000052       ,    -2.1207828530836420E-007
   1160.0000000000055       ,    -2.1171279070102889E-007
   1161.0000000000055       ,    -2.1134824011741340E-007
   1162.0000000000055       ,    -2.1098463030926778E-007
   1163.0000000000057       ,    -2.1062195804229132E-007
   1164.0000000000057       ,    -2.1026022009608322E-007
   1165.0000000000057       ,    -2.0989941326405300E-007
   1166.0000000000059       ,    -2.0953953435335098E-007
   1167.0000000000059       ,    -2.0918058018480426E-007
   1168.0000000000059       ,    -2.0882254759284737E-007
   1169.0000000000061       ,    -2.0846543342543968E-007
   1170.0000000000061       ,    -2.0810923454401676E-007
   1171.0000000000061       ,    -2.0775394782339857E-007
   1172.0000000000064       ,    -2.0739957015173655E-007
   1173.0000000000064       ,    -2.0704609843044668E-007
   1174.0000000000064       ,    -2.0669352957412179E-007
   1175.0000000000066       ,    -2.0634186051049578E-007
   1176.0000000000066       ,    -2.0599108818034698E-007
   1177.0000000000066       ,    -2.0564120953744873E-007
   1178.0000000000068       ,    -2.0529222154849498E-007
   1179.0000000000068       ,    -2.0494412119304818E-007
   1180.0000000000068       ,    -2.0459690546344692E-007
   1181.0000000000070       ,    -2.0425057136477318E-007
   1182.0000000000070       ,    -2.0390511591476646E-007
   1183.0000000000070       ,    -2.0356053614376589E-007
   1184.0000000000073       ,    -2.0321682909464709E-007
   1185.0000000000073       ,    -2.0287399182275104E-007
   1186.0000000000073       ,    -2.0253202139584108E-007
   1187.0000000000075       ,    -2.0219091489401219E-007
   1188.0000000000075       ,    -2.0185066940965644E-007
   1189.0000000000075       ,    -2.0151128204737932E-007
   1190.0000000000077       ,    -2.0117274992394832E-007
   1191.0000000000077       ,    -2.0083507016823210E-007
   1192.0000000000077       ,    -2.0049823992113538E-007
   1193.0000000000080       ,    -2.0016225633554021E-007
   1194.0000000000080       ,    -1.9982711657625370E-007
   1195.0000000000080       ,    -1.9949281781992852E-007
   1196.0000000000082       ,    -1.9915935725502366E-007
   1197.0000000000082       ,    -1.9882673208173698E-007
   1198.0000000000082       ,    -1.9849493951194650E-007
   1199.0000000000084       ,    -1.9816397676914638E-007
   1200.0000000000084       ,    -1.9783384108840401E-007
   1201.0000000000084       ,    -1.9750452971628704E-007
   1202.0000000000086       ,    -1.9717603991081289E-007
   1203.0000000000086       ,    -1.9684836894139128E-007
   1204.0000000000086       ,    -1.9652151408876659E-007
   1205.0000000000089       ,    -1.9619547264496311E-007
   1206.0000000000089       ,    -1.9587024191322388E-007
   1207.0000000000089       ,    -1.9554581920796501E-007
   1208.0000000000091       ,    -1.9522220185470419E-007
   1209.0000000000091       ,    -1.9489938719002443E-007
   1210.0000000000091       ,    -1.9457737256150638E-007
   1211.0000000000093       ,    -1.9425615532767821E-007
   1212.0000000000093       ,    -1.9393573285795891E-007
   1213.0000000000093       ,    -1.9361610253260741E-007
   1214.0000000000095       ,    -1.9329726174267180E-007
   1215.0000000000095       ,    -1.9297920788992292E-007
   1216.0000000000095       ,    -1.9266193838682080E-007
   1217.0000000000098       ,    -1.9234545065644528E-007
   1218.0000000000098       ,    -1.9202974213245112E-007
   1219.0000000000098       ,    -1.9171481025901764E-007
   1220.0000000000100       ,    -1.9140065249079679E-007
   1221.0000000000100       ,    -1.9108726629285281E-007
   1222.0000000000100       ,    -1.9077464914061960E-007
   1223.0000000000102       ,    -1.9046279851985314E-007
   1224.0000000000102       ,    -1.9015171192657027E-007
   1225.0000000000102       ,    -1.8984138686700562E-007
   1226.0000000000105       ,    -1.8953182085756269E-007
   1227.0000000000105       ,    -1.8922301142475591E-007
   1228.0000000000105       ,    -1.8891495610517152E-007
   1229.0000000000107       ,    -1.8860765244541159E-007
   1230.0000000000107       ,    -1.8830109800205045E-007
   1231.0000000000107       ,    -1.8799529034157668E-007
   1232.0000000000109       ,    -1.8769022704035504E-007
   1233.0000000000109       ,    -1.8738590568457897E-007
   1234.0000000000109       ,    -1.8708232387020739E-007
   1235.0000000000111       ,    -1.8677947920293811E-007
   1236.0000000000111       ,    -1.8647736929814620E-007
   1237.0000000000111       ,    -1.8617599178084310E-007
   1238.0000000000114       ,    -1.8587534428562713E-007
   1239.0000000000114       ,    -1.8557542445663935E-007
   1240.0000000000114       ,    -1.8527622994751579E-007
   1241.0000000000116       ,    -1.8497775842134360E-007
   1242.0000000000116       ,    -1.8468000755061086E-007
   1243.0000000000116       ,    -1.8438297501716976E-007
   1244.0000000000118       ,    -1.8408665851217814E-007
   1245.0000000000118       ,    -1.8379105573606943E-007
   1246.0000000000118       ,    -1.8349616439849817E-007
   1247.0000000000121       ,    -1.8320198221830283E-007
   1248.0000000000121       ,    -1.8290850692344990E-007
   1249.0000000000121       ,    -1.8261573625100325E-007
   1250.0000000000123       ,    -1.8232366794707256E-007
   1251.0000000000123       ,    -1.8203229976677430E-007
   1252.0000000000123       ,    -1.8174162947418293E-007
   1253.0000000000125       ,    -1.8145165484229779E-007
   1254.0000000000125       ,    -1.8116237365298664E-007
   1255.0000000000125       ,    -1.8087378369695813E-007
   1256.0000000000127       ,    -1.8058588277370567E-007
   1257.0000000000127       ,    -1.8029866869147747E-007
   1258.0000000000127       ,    -1.8001213926722739E-007
   1259.0000000000130       ,    -1.7972629232657581E-007
   1260.0000000000130       ,    -1.7944112570376704E-007
   1261.0000000000130       ,    -1.7915663724163129E-007
   1262.0000000000132       ,    -1.7887282479154238E-007
   1263.0000000000132       ,    -1.7858968621337367E-007
   1264.0000000000132       ,    -1.7830721937546311E-007
   1265.0000000000132       ,    -1.7802542215457250E-007
   1266.0000000000134       ,    -1.7774429243584250E-007
   1267.0000000000134       ,    -1.7746382811275726E-007
   1268.0000000000134       ,    -1.7718402708710672E-007
   1269.0000000000136       ,    -1.7690488726894211E-007
   1270.0000000000136       ,    -1.7662640657653930E-007
   1271.0000000000136       ,    -1.7634858293636287E-007
   1272.0000000000139       ,    -1.7607141428302103E-007
   1273.0000000000139       ,    -1.7579489855923603E-007
   1274.0000000000139       ,    -1.7551903371579677E-007
   1275.0000000000141       ,    -1.7524381771152705E-007
   1276.0000000000141       ,    -1.7496924851324467E-007
   1277.0000000000141       ,    -1.7469532409572716E-007
   1278.0000000000143       ,    -1.7442204244166971E-007
   1279.0000000000143       ,    -1.7414940154165367E-007
   1280.0000000000143       ,    -1.7387739939410459E-007
   1281.0000000000146       ,    -1.7360603400525617E-007
   1282.0000000000146       ,    -1.7333530338911987E-007
   1283.0000000000146       ,    -1.7306520556743843E-007
   1284.0000000000148       ,    -1.7279573856965921E-007
   1285.0000000000148       ,    -1.7252690043289064E-007
   1286.0000000000148       ,    -1.7225868920187240E-007
   1287.0000000000150       ,    -1.7199110292893626E-007
   1288.0000000000150       ,    -1.7172413967397290E-007
   1289.0000000000150       ,    -1.7145779750439534E-007
   1290.0000000000152       ,    -1.7119207449510181E-007
   1291.0000000000152       ,    -1.7092696872844841E-007
   1292.0000000000152       ,    -1.7066247829420695E-007
   1293.0000000000155       ,    -1.7039860128952986E-007
   1294.0000000000155       ,    -1.7013533581892567E-007
   1295.0000000000155       ,    -1.6987267999421596E-007
   1296.0000000000157       ,    -1.6961063193450234E-007
   1297.0000000000157       ,    -1.6934918976613464E-007
   1298.0000000000157       ,    -1.6908835162268125E-007
   1299.0000000000159       ,    -1.6882811564488811E-007
   1300.0000000000159       ,    -1.6856847998065032E-007
   1301.0000000000159       ,    -1.6830944278498007E-007
   1302.0000000000161       ,    -1.6805100221996912E-007
   1303.0000000000161       ,    -1.6779315645476006E-007
   1304.0000000000161       ,    -1.6753590366551439E-007
   1305.0000000000164       ,    -1.6727924203537742E-007
   1306.0000000000164       ,    -1.6702316975444942E-007
   1307.0000000000164       ,    -1.6676768501974804E-007
   1308.0000000000166       ,    -1.6651278603518439E-007
   1309.0000000000166       ,    -1.6625847101152589E-007
   1310.0000000000166       ,    -1.6600473816636520E-007
   1311.0000000000168       ,    -1.6575158572409344E-007
   1312.0000000000168       ,    -1.6549901191586346E-007
   1313.0000000000168       ,    -1.6524701497956162E-007
   1314.0000000000171       ,    -1.6499559315977753E-007
   1315.0000000000171       ,    -1.6474474470777322E-007
   1316.0000000000171       ,    -1.6449446788145141E-007
   1317.0000000000173       ,    -1.6424476094532657E-007
   1318.0000000000173       ,    -1.6399562217049520E-007
   1319.0000000000173       ,    -1.6374704983460389E-007
   1320.0000000000175       ,    -1.6349904222182024E-007
   1321.0000000000175       ,    -1.6325159762280581E-007
   1322.0000000000175       ,    -1.6300471433468444E-007
   1323.0000000000177       ,    -1.6275839066101238E-007
   1324.0000000000177       ,    -1.6251262491174947E-007
   1325.0000000000177       ,    -1.6226741540323176E-007
   1326.0000000000180       ,    -1.6202276045814103E-007
   1327.0000000000180       ,    -1.6177865840547730E-007
   1328.0000000000180       ,    -1.6153510758052897E-007
   1329.0000000000182       ,    -1.6129210632484434E-007
   1330.0000000000182       ,    -1.6104965298620505E-007
   1331.0000000000182       ,    -1.6080774591859955E-007
   1332.0000000000184       ,    -1.6056638348218631E-007
   1333.0000000000184       ,    -1.6032556404327995E-007
   1334.0000000000184       ,    -1.6008528597430962E-007
   1335.0000000000186       ,    -1.5984554765380296E-007
   1336.0000000000186       ,    -1.5960634746635024E-007
   1337.0000000000186       ,    -1.5936768380258282E-007
   1338.0000000000189       ,    -1.5912955505914188E-007
   1339.0000000000189       ,    -1.5889195963865601E-007
   1340.0000000000189       ,    -1.5865489594971015E-007
   1341.0000000000191       ,    -1.5841836240681957E-007
   1342.0000000000191       ,    -1.5818235743040844E-007
   1343.0000000000191       ,    -1.5794687944677596E-007
   1344.0000000000193       ,    -1.5771192688807505E-007
   1345.0000000000193       ,    -1.5747749819228512E-007
   1346.0000000000193       ,    -1.5724359180318470E-007
   1347.0000000000196       ,    -1.5701020617032812E-007
   1348.0000000000196       ,    -1.5677733974901706E-007
   1349.0000000000196       ,    -1.5654499100027891E-007
   1350.0000000000198       ,    -1.5631315839083566E-007
   1351.0000000000198       ,    -1.5608184039308418E-007
   1352.0000000000198       ,    -1.5585103548506835E-007
   1353.0000000000200       ,    -1.5562074215045201E-007
   1354.0000000000200       ,    -1.5539095887850085E-007
   1355.0000000000200       ,    -1.5516168416404981E-007
   1356.0000000000202       ,    -1.5493291650748001E-007
   1357.0000000000202       ,    -1.5470465441470182E-007
   1358.0000000000202       ,    -1.5447689639711926E-007
   1359.0000000000205       ,    -1.5424964097161597E-007
   1360.0000000000205       ,    -1.5402288666052025E-007
   1361.0000000000205       ,    -1.5379663199159285E-007
   1362.0000000000207       ,    -1.5357087549799181E-007
   1363.0000000000207       ,    -1.5334561571826105E-007
   1364.0000000000207       ,    -1.5312085119629255E-007
   1365.0000000000209       ,    -1.5289658048131534E-007
   1366.0000000000209       ,    -1.5267280212786219E-007
   1367.0000000000209       ,    -1.5244951469575639E-007
   1368.0000000000211       ,    -1.5222671675007757E-007
   1369.0000000000211       ,    -1.5200440686114905E-007
   1370.0000000000211       ,    -1.5178258360450608E-007
   1371.0000000000214       ,    -1.5156124556087973E-007
   1372.0000000000214       ,    -1.5134039131617050E-007
   1373.0000000000214       ,    -1.5112001946142528E-007
   1374.0000000000216       ,    -1.5090012859282001E-007
   1375.0000000000216       ,    -1.5068071731162819E-007
   1376.0000000000216       ,    -1.5046178422421039E-007
   1377.0000000000216       ,    -1.5024332794197944E-007
   1378.0000000000218       ,    -1.5002534708138929E-007
   1379.0000000000218       ,    -1.4980784026390745E-007
   1380.0000000000218       ,    -1.4959080611599284E-007
   1381.0000000000221       ,    -1.4937424326907797E-007
   1382.0000000000221       ,    -1.4915815035954236E-007
   1383.0000000000221       ,    -1.4894252602869497E-007
   1384.0000000000223       ,    -1.4872736892275175E-007
   1385.0000000000223       ,    -1.4851267769281357E-007
   1386.0000000000223       ,    -1.4829845099484725E-007
   1387.0000000000225       ,    -1.4808468748966085E-007
   1388.0000000000225       ,    -1.4787138584288638E-007
   1389.0000000000225       ,    -1.4765854472495620E-007
   1390.0000000000227       ,    -1.4744616281108480E-007
   1391.0000000000227       ,    -1.4723423878124612E-007
   1392.0000000000227       ,    -1.4702277132015513E-007
   1393.0000000000230       ,    -1.4681175911724416E-007
   1394.0000000000230       ,    -1.4660120086664548E-007
   1395.0000000000230       ,    -1.4639109526717148E-007
   1396.0000000000232       ,    -1.4618144102229030E-007
   1397.0000000000232       ,    -1.4597223684011363E-007
   1398.0000000000232       ,    -1.4576348143336692E-007
   1399.0000000000234       ,    -1.4555517351937675E-007
   1400.0000000000234       ,    -1.4534731182005026E-007
   1401.0000000000234       ,    -1.4513989506185154E-007
   1402.0000000000236       ,    -1.4493292197578788E-007
   1403.0000000000236       ,    -1.4472639129738682E-007
   1404.0000000000236       ,    -1.4452030176667356E-007
   1405.0000000000239       ,    -1.4431465212816314E-007
   1406.0000000000239       ,    -1.4410944113082580E-007
   1407.0000000000239       ,    -1.4390466752808092E-007
   1408.0000000000241       ,    -1.4370033007777076E-007
   1409.0000000000241       ,    -1.4349642754214510E-007
   1410.0000000000241       ,    -1.4329295868784133E-007
   1411.0000000000243       ,    -1.4308992228586621E-007
   1412.0000000000243       ,    -1.4288731711157273E-007
   1413.0000000000243       ,    -1.4268514194465388E-007
   1414.0000000000246       ,    -1.4248339556910944E-007
   1415.0000000000246       ,    -1.4228207677323839E-007
   1416.0000000000246       ,    -1.4208118434961258E-007
   1417.0000000000248       ,    -1.4188071709506738E-007
   1418.0000000000248       ,    -1.4168067381067566E-007
   1419.0000000000248       ,    -1.4148105330173519E-007
   1420.0000000000250       ,    -1.4128185437775079E-007
   1421.0000000000250       ,    -1.4108307585240957E-007
   1422.0000000000250       ,    -1.4088471654357411E-007
   1423.0000000000252       ,    -1.4068677527325537E-007
   1424.0000000000252       ,    -1.4048925086759858E-007
   1425.0000000000252       ,    -1.4029214215687099E-007
   1426.0000000000255       ,    -1.4009544797543461E-007
   1427.0000000000255       ,    -1.3989916716173795E-007
   1428.0000000000255       ,    -1.3970329855829370E-007
   1429.0000000000257       ,    -1.3950784101166233E-007
   1430.0000000000257       ,    -1.3931279337243648E-007
   1431.0000000000257       ,    -1.3911815449522519E-007
   1432.0000000000259       ,    -1.3892392323863223E-007
   1433.0000000000259       ,    -1.3873009846524493E-007
   1434.0000000000259       ,    -1.3853667904161316E-007
   1435.0000000000261       ,    -1.3834366383823840E-007
   1436.0000000000261       ,    -1.3815105172954914E-007
   1437.0000000000261       ,    -1.3795884159389170E-007
   1438.0000000000264       ,    -1.3776703231350995E-007
   1439.0000000000264       ,    -1.3757562277452962E-007
   1440.0000000000264       ,    -1.3738461186694476E-007
   1441.0000000000266       ,    -1.3719399848459811E-007
   1442.0000000000266       ,    -1.3700378152516596E-007
   1443.0000000000266       ,    -1.3681395989014487E-007
   1444.0000000000268       ,    -1.3662453248483299E-007
   1445.0000000000268       ,    -1.3643549821831406E-007
   1446.0000000000268       ,    -1.3624685600344406E-007
   1447.0000000000271       ,    -1.3605860475683064E-007
   1448.0000000000271       ,    -1.3587074339882801E-007
   1449.0000000000271       ,    -1.3568327085350797E-007
   1450.0000000000273       ,    -1.3549618604865516E-007
   1451.0000000000273       ,    -1.3530948791574434E-007
   1452.0000000000273       ,    -1.3512317538993263E-007
   1453.0000000000275       ,    -1.3493724741003643E-007
   1454.0000000000275       ,    -1.3475170291852292E-007
   1455.0000000000275       ,    -1.3456654086148959E-007
   1456.0000000000277       ,    -1.3438176018865432E-007
   1457.0000000000277       ,    -1.3419735985333569E-007
   1458.0000000000277       ,    -1.3401333881244386E-007
   1459.0000000000280       ,    -1.3382969602645769E-007
   1460.0000000000280       ,    -1.3364643045941826E-007
   1461.0000000000280       ,    -1.3346354107891005E-007
   1462.0000000000282       ,    -1.3328102685604647E-007
   1463.0000000000282       ,    -1.3309888676545799E-007
   1464.0000000000282       ,    -1.3291711978527226E-007
   1465.0000000000284       ,    -1.3273572489710793E-007
   1466.0000000000284       ,    -1.3255470108605176E-007
   1467.0000000000284       ,    -1.3237404734065119E-007
   1468.0000000000286       ,    -1.3219376265289684E-007
   1469.0000000000286       ,    -1.3201384601820637E-007
   1470.0000000000286       ,    -1.3183429643541761E-007
   1471.0000000000289       ,    -1.3165511290676887E-007
   1472.0000000000289       ,    -1.3147629443788373E-007
   1473.0000000000289       ,    -1.3129784003776263E-007
   1474.0000000000291       ,    -1.3111974871876718E-007
   1475.0000000000291       ,    -1.3094201949660268E-007
   1476.0000000000291       ,    -1.3076465139030997E-007
   1477.0000000000293       ,    -1.3058764342224887E-007
   1478.0000000000293       ,    -1.3041099461808560E-007
   1479.0000000000293       ,    -1.3023470400678035E-007
   1480.0000000000296       ,    -1.3005877062056874E-007
   1481.0000000000296       ,    -1.2988319349495810E-007
   1482.0000000000296       ,    -1.2970797166870375E-007
   1483.0000000000298       ,    -1.2953310418380433E-007
   1484.0000000000298       ,    -1.2935859008548276E-007
   1485.0000000000298       ,    -1.2918442842217670E-007
   1486.0000000000300       ,    -1.2901061824552497E-007
   1487.0000000000300       ,    -1.2883715861035298E-007
   1488.0000000000300       ,    -1.2866404857466154E-007
   1489.0000000000302       ,    -1.2849128719961424E-007
   1490.0000000000302       ,    -1.2831887354952217E-007
   1491.0000000000302       ,    -1.2814680669183684E-007
   1492.0000000000302       ,    -1.2797508569712953E-007
   1493.0000000000305       ,    -1.2780370963908594E-007
   1494.0000000000305       ,    -1.2763267759448860E-007
   1495.0000000000305       ,    -1.2746198864321230E-007
   1496.0000000000307       ,    -1.2729164186819717E-007
   1497.0000000000307       ,    -1.2712163635545152E-007
   1498.0000000000307       ,    -1.2695197119403263E-007
   1499.0000000000309       ,    -1.2678264547603430E-007
   1500.0000000000309       ,    -1.2661365829657556E-007
