   1.0000000000000000       ,     24.732805486405340     
   2.0000000000000000       ,     5.3398904166526178     
   3.0000000000000004       ,     2.1464008825538619     
   4.0000000000000000       ,     1.1333531545214770     
   5.0000000000000000       ,    0.69919992818447974     
   6.0000000000000000       ,    0.47635410217624424     
   7.0000000000000000       ,    0.34710841094491252     
   8.0000000000000000       ,    0.26523452074324855     
   9.0000000000000018       ,    0.20982211907908127     
   10.000000000000002       ,    0.17036417555011046     
   11.000000000000002       ,    0.14112902791197651     
   12.000000000000004       ,    0.11877547603517728     
   13.000000000000004       ,    0.10124598297287749     
   14.000000000000005       ,     8.7213759934982482E-002
   15.000000000000005       ,     7.5789096480369841E-002
   16.000000000000004       ,     6.6355056634901238E-002
   17.000000000000004       ,     5.8471336477155751E-002
   18.000000000000004       ,     5.1815759641118668E-002
   19.000000000000000       ,     4.6147425764052466E-002
   20.000000000000000       ,     4.1282775334688979E-002
   21.000000000000000       ,     3.7079612286321728E-002
   22.000000000000000       ,     3.3426173521112976E-002
   22.999999999999996       ,     3.0233484129268236E-002
   23.999999999999996       ,     2.7429903034805195E-002
   24.999999999999996       ,     2.4957160749312705E-002
   25.999999999999993       ,     2.2767433743708983E-002
   26.999999999999993       ,     2.0821152062403269E-002
   27.999999999999993       ,     1.9085334201518242E-002
   28.999999999999993       ,     1.7532306899954588E-002
   29.999999999999989       ,     1.6138709846466030E-002
   30.999999999999993       ,     1.4884713984716315E-002
   31.999999999999996       ,     1.3753401838384681E-002
   33.000000000000000       ,     1.2730272065444781E-002
   34.000000000000000       ,     1.1802840218720863E-002
   35.000000000000000       ,     1.0960314698645755E-002
   36.000000000000007       ,     1.0193331976497556E-002
   37.000000000000007       ,     9.4937389067824909E-003
   38.000000000000007       ,     8.8544127257817705E-003
   39.000000000000014       ,     8.2691114163396667E-003
   40.000000000000014       ,     7.7323486959775993E-003
   41.000000000000014       ,     7.2392890902155402E-003
   42.000000000000021       ,     6.7856594792209150E-003
   43.000000000000021       ,     6.3676742263367152E-003
   44.000000000000021       ,     5.9819715580851501E-003
   45.000000000000028       ,     5.6255593084876647E-003
   46.000000000000028       ,     5.2957684898872273E-003
   47.000000000000028       ,     4.9902134321092350E-003
   48.000000000000036       ,     4.7067574548449809E-003
   49.000000000000036       ,     4.4434832182973383E-003
   50.000000000000036       ,     4.1986670429096772E-003
   51.000000000000043       ,     3.9707566075040824E-003
   52.000000000000043       ,     3.7583515319123311E-003
   53.000000000000043       ,     3.5601864298770774E-003
   54.000000000000050       ,     3.3751160832975824E-003
   55.000000000000050       ,     3.2021024432396777E-003
   56.000000000000050       ,     3.0402032081037231E-003
   57.000000000000057       ,     2.8885617667171520E-003
   58.000000000000057       ,     2.7463983256598105E-003
   59.000000000000057       ,     2.6130020662752766E-003
   60.000000000000064       ,     2.4877241990273703E-003
   61.000000000000057       ,     2.3699718015074297E-003
   62.000000000000050       ,     2.2592023422160490E-003
   63.000000000000050       ,     2.1549188056296494E-003
   64.000000000000043       ,     2.0566653454980035E-003
   65.000000000000043       ,     1.9640234030403538E-003
   66.000000000000028       ,     1.8766082350395404E-003
   67.000000000000028       ,     1.7940658039323424E-003
   68.000000000000028       ,     1.7160699881894536E-003
   69.000000000000028       ,     1.6423200764561076E-003
   70.000000000000014       ,     1.5725385135869677E-003
   71.000000000000014       ,     1.5064688705322788E-003
   72.000000000000014       ,     1.4438740135169824E-003
   73.000000000000000       ,     1.3845344508848633E-003
   74.000000000000000       ,     1.3282468385333792E-003
   75.000000000000000       ,     1.2748226271253949E-003
   75.999999999999986       ,     1.2240868362120129E-003
   76.999999999999986       ,     1.1758769421039517E-003
   77.999999999999986       ,     1.1300418678205240E-003
   78.999999999999986       ,     1.0864410647571615E-003
   79.999999999999972       ,     1.0449436768729711E-003
   80.999999999999972       ,     1.0054277791849227E-003
   81.999999999999972       ,     9.6777968328726530E-004
   82.999999999999957       ,     9.3189330335370678E-004
   83.999999999999957       ,     8.9766957681126024E-004
   84.999999999999957       ,     8.6501593446212856E-004
   85.999999999999943       ,     8.3384581540348491E-004
   86.999999999999943       ,     8.0407822254567347E-004
   87.999999999999943       ,     7.7563731496784144E-004
   88.999999999999943       ,     7.4845203374568966E-004
   89.999999999999929       ,     7.2245575821339300E-004
   90.999999999999929       ,     6.9758598990335918E-004
   91.999999999999929       ,     6.7378406172689126E-004
   92.999999999999915       ,     6.5099487013385636E-004
   93.999999999999915       ,     6.2916662828065245E-004
   94.999999999999915       ,     6.0825063835118470E-004
   95.999999999999901       ,     5.8820108140065456E-004
   96.999999999999901       ,     5.6897482323621626E-004
   97.999999999999901       ,     5.5053123496530203E-004
   98.999999999999901       ,     5.3283202699683447E-004
   99.999999999999886       ,     5.1584109538087915E-004
   100.99999999999989       ,     4.9952437946293178E-004
   101.99999999999989       ,     4.8384972993667524E-004
   102.99999999999987       ,     4.6878678645190800E-004
   103.99999999999987       ,     4.5430686401786937E-004
   104.99999999999987       ,     4.4038284749609247E-004
   105.99999999999986       ,     4.2698909354328739E-004
   106.99999999999986       ,     4.1410133943265516E-004
   107.99999999999986       ,     4.0169661820727926E-004
   108.99999999999986       ,     3.8975317968824140E-004
   109.99999999999984       ,     3.7825041688135187E-004
   110.99999999999984       ,     3.6716879738418295E-004
   111.99999999999984       ,     3.5648979940948136E-004
   112.99999999999983       ,     3.4619585208119563E-004
   113.99999999999983       ,     3.3627027969398971E-004
   114.99999999999983       ,     3.2669724963565490E-004
   115.99999999999982       ,     3.1746172371468698E-004
   116.99999999999982       ,     3.0854941263719945E-004
   117.99999999999982       ,     2.9994673341784880E-004
   118.99999999999982       ,     2.9164076950585088E-004
   119.99999999999980       ,     2.8361923344072154E-004
   120.99999999999980       ,     2.7587043185390729E-004
   121.99999999999980       ,     2.6838323266352118E-004
   122.99999999999979       ,     2.6114703429694835E-004
   123.99999999999979       ,     2.5415173681084930E-004
   124.99999999999979       ,     2.4738771477789855E-004
   125.99999999999977       ,     2.4084579181759649E-004
   126.99999999999977       ,     2.3451721666411894E-004
   127.99999999999977       ,     2.2839364066488583E-004
   128.99999999999977       ,     2.2246709661932304E-004
   129.99999999999977       ,     2.1672997886429632E-004
   130.99999999999974       ,     2.1117502452911333E-004
   131.99999999999974       ,     2.0579529588397814E-004
   132.99999999999974       ,     2.0058416370482914E-004
   133.99999999999974       ,     1.9553529159878840E-004
   134.99999999999974       ,     1.9064262122325378E-004
   135.99999999999974       ,     1.8590035834242858E-004
   136.99999999999974       ,     1.8130295966810997E-004
   137.99999999999972       ,     1.7684512044415551E-004
   138.99999999999972       ,     1.7252176270982962E-004
   139.99999999999972       ,     1.6832802422293716E-004
   140.99999999999972       ,     1.6425924798480878E-004
   141.99999999999972       ,     1.6031097233795114E-004
   142.99999999999972       ,     1.5647892160314109E-004
   143.99999999999969       ,     1.5275899721617491E-004
   144.99999999999969       ,     1.4914726934536131E-004
   145.99999999999969       ,     1.4563996894856950E-004
   146.99999999999969       ,     1.4223348025655424E-004
   147.99999999999969       ,     1.3892433364601439E-004
   148.99999999999969       ,     1.3570919888985182E-004
   149.99999999999969       ,     1.3258487875342340E-004
   150.99999999999966       ,     1.2954830292500878E-004
   151.99999999999966       ,     1.2659652225621330E-004
   152.99999999999966       ,     1.2372670329595012E-004
   153.99999999999966       ,     1.2093612310204914E-004
   154.99999999999966       ,     1.1822216431451818E-004
   155.99999999999966       ,     1.1558231047588630E-004
   156.99999999999966       ,     1.1301414158347555E-004
   157.99999999999963       ,     1.1051532986542399E-004
   158.99999999999963       ,     1.0808363575935319E-004
   159.99999999999963       ,     1.0571690409350594E-004
   160.99999999999963       ,     1.0341306045043395E-004
   161.99999999999963       ,     1.0117010770891670E-004
   162.99999999999963       ,     9.8986122749617739E-005
   163.99999999999960       ,     9.6859253322748129E-005
   164.99999999999960       ,     9.4787715060519936E-005
   165.99999999999960       ,     9.2769788634278005E-005
   166.99999999999960       ,     9.0803817044181773E-005
   167.99999999999960       ,     8.8888203036434745E-005
   168.99999999999960       ,     8.7021406639836420E-005
   169.99999999999960       ,     8.5201942818249904E-005
   170.99999999999957       ,     8.3428379229210807E-005
   171.99999999999957       ,     8.1699334088444211E-005
   172.99999999999957       ,     8.0013474127354166E-005
   173.99999999999957       ,     7.8369512647252361E-005
   174.99999999999957       ,     7.6766207660328593E-005
   175.99999999999957       ,     7.5202360112133095E-005
   176.99999999999957       ,     7.3676812185643789E-005
   177.99999999999955       ,     7.2188445680758148E-005
   178.99999999999955       ,     7.0736180463814582E-005
   179.99999999999955       ,     6.9318972986313077E-005
   180.99999999999955       ,     6.7935814868900484E-005
   181.99999999999955       ,     6.6585731546330146E-005
   182.99999999999955       ,     6.5267780970932411E-005
   183.99999999999952       ,     6.3981052373055690E-005
   184.99999999999952       ,     6.2724665073617711E-005
   185.99999999999952       ,     6.1497767347643893E-005
   186.99999999999952       ,     6.0299535336254838E-005
   187.99999999999952       ,     5.9129172005347847E-005
   188.99999999999952       ,     5.7985906145778016E-005
   189.99999999999952       ,     5.6868991418320078E-005
   190.99999999999949       ,     5.5777705435998026E-005
   191.99999999999949       ,     5.4711348886557141E-005
   192.99999999999949       ,     5.3669244688914168E-005
   193.99999999999949       ,     5.2650737186115888E-005
   194.99999999999949       ,     5.1655191370619044E-005
   195.99999999999949       ,     5.0681992140627973E-005
   196.99999999999949       ,     4.9730543587062895E-005
   197.99999999999946       ,     4.8800268309630759E-005
   198.99999999999946       ,     4.7890606758948061E-005
   199.99999999999946       ,     4.7001016606855437E-005
   200.99999999999946       ,     4.6130972139669126E-005
   201.99999999999946       ,     4.5279963677809709E-005
   202.99999999999946       ,     4.4447497015595106E-005
   203.99999999999943       ,     4.3633092885465203E-005
   204.99999999999943       ,     4.2836286441389110E-005
   205.99999999999943       ,     4.2056626763084607E-005
   206.99999999999943       ,     4.1293676380148632E-005
   207.99999999999943       ,     4.0547010812341545E-005
   208.99999999999943       ,     3.9816218129786572E-005
   209.99999999999943       ,     3.9100898528512880E-005
   210.99999999999940       ,     3.8400663923385241E-005
   211.99999999999940       ,     3.7715137554146385E-005
   212.99999999999940       ,     3.7043953609838946E-005
   213.99999999999940       ,     3.6386756863610407E-005
   214.99999999999940       ,     3.5743202323941590E-005
   215.99999999999940       ,     3.5112954897036258E-005
   216.99999999999937       ,     3.4495689062640837E-005
   217.99999999999937       ,     3.3891088561832880E-005
   218.99999999999937       ,     3.3298846095825874E-005
   219.99999999999937       ,     3.2718663036232046E-005
   220.99999999999937       ,     3.2150249144925816E-005
   221.99999999999937       ,     3.1593322305860583E-005
   222.99999999999937       ,     3.1047608264707343E-005
   223.99999999999935       ,     3.0512840378668620E-005
   224.99999999999935       ,     2.9988759375476080E-005
   225.99999999999935       ,     2.9475113120694267E-005
   226.99999999999935       ,     2.8971656393303671E-005
   227.99999999999935       ,     2.8478150668771548E-005
   228.99999999999935       ,     2.7994363910885557E-005
   229.99999999999935       ,     2.7520070369867998E-005
   230.99999999999932       ,     2.7055050387910828E-005
   231.99999999999932       ,     2.6599090211333091E-005
   232.99999999999932       ,     2.6151981809865234E-005
   233.99999999999932       ,     2.5713522700948143E-005
   234.99999999999932       ,     2.5283515781567381E-005
   235.99999999999932       ,     2.4861769164486610E-005
   236.99999999999929       ,     2.4448096021047281E-005
   237.99999999999929       ,     2.4042314428536367E-005
   238.99999999999932       ,     2.3644247223640840E-005
   239.99999999999935       ,     2.3253721860026126E-005
   240.99999999999937       ,     2.2870570270669936E-005
   241.99999999999937       ,     2.2494628735951193E-005
   242.99999999999940       ,     2.2125737754522145E-005
   243.99999999999943       ,     2.1763741919410464E-005
   244.99999999999946       ,     2.1408489798359409E-005
   245.99999999999949       ,     2.1059833817622891E-005
   246.99999999999949       ,     2.0717630149917983E-005
   247.99999999999952       ,     2.0381738605382242E-005
   248.99999999999955       ,     2.0052022527235198E-005
   249.99999999999957       ,     1.9728348689752854E-005
   250.99999999999957       ,     1.9410587200252085E-005
   251.99999999999960       ,     1.9098611403475871E-005
   252.99999999999963       ,     1.8792297790367644E-005
   253.99999999999966       ,     1.8491525907959562E-005
   254.99999999999969       ,     1.8196178273511665E-005
   255.99999999999969       ,     1.7906140291223342E-005
   256.99999999999972       ,     1.7621300171078277E-005
   257.99999999999972       ,     1.7341548850110555E-005
   258.99999999999977       ,     1.7066779917071818E-005
   259.99999999999977       ,     1.6796889538690716E-005
   260.99999999999983       ,     1.6531776388310621E-005
   261.99999999999983       ,     1.6271341577166207E-005
   262.99999999999983       ,     1.6015488587050949E-005
   263.99999999999989       ,     1.5764123205914916E-005
   264.99999999999989       ,     1.5517153464857566E-005
   265.99999999999994       ,     1.5274489577144297E-005
   266.99999999999994       ,     1.5036043879442566E-005
   267.99999999999994       ,     1.4801730774155667E-005
   269.00000000000000       ,     1.4571466674245275E-005
   270.00000000000000       ,     1.4345169949260066E-005
   271.00000000000006       ,     1.4122760873118776E-005
   272.00000000000006       ,     1.3904161573569268E-005
   273.00000000000006       ,     1.3689295982887082E-005
   274.00000000000011       ,     1.3478089790285028E-005
   275.00000000000011       ,     1.3270470395667835E-005
   276.00000000000011       ,     1.3066366864660754E-005
   277.00000000000017       ,     1.2865709885161509E-005
   278.00000000000017       ,     1.2668431725228658E-005
   279.00000000000023       ,     1.2474466191370849E-005
   280.00000000000023       ,     1.2283748589491199E-005
   281.00000000000023       ,     1.2096215685751913E-005
   282.00000000000028       ,     1.1911805669150984E-005
   283.00000000000028       ,     1.1730458114801922E-005
   284.00000000000034       ,     1.1552113949165318E-005
   285.00000000000034       ,     1.1376715414812165E-005
   286.00000000000034       ,     1.1204206037309689E-005
   287.00000000000040       ,     1.1034530593195817E-005
   288.00000000000040       ,     1.0867635077733777E-005
   289.00000000000045       ,     1.0703466674754115E-005
   290.00000000000045       ,     1.0541973726508151E-005
   291.00000000000045       ,     1.0383105705119261E-005
   292.00000000000051       ,     1.0226813184127548E-005
   293.00000000000051       ,     1.0073047811210842E-005
   294.00000000000057       ,     9.9217622817373899E-006
   295.00000000000057       ,     9.7729103127058988E-006
   296.00000000000057       ,     9.6264466177812107E-006
   297.00000000000063       ,     9.4823268827905161E-006
   298.00000000000063       ,     9.3405077419748653E-006
   299.00000000000063       ,     9.2009467549939502E-006
   300.00000000000068       ,     9.0636023841213554E-006
   301.00000000000068       ,     8.9284339728112677E-006
   302.00000000000074       ,     8.7954017240401667E-006
   303.00000000000074       ,     8.6644666799988210E-006
   304.00000000000074       ,     8.5355907015783534E-006
   305.00000000000080       ,     8.4087364490074997E-006
   306.00000000000080       ,     8.2838673627166995E-006
   307.00000000000085       ,     8.1609476449077945E-006
   308.00000000000085       ,     8.0399422412650587E-006
   309.00000000000085       ,     7.9208168236083621E-006
   310.00000000000091       ,     7.8035377725972778E-006
   311.00000000000091       ,     7.6880721612299096E-006
   312.00000000000097       ,     7.5743877385771937E-006
   313.00000000000097       ,     7.4624529139089696E-006
   314.00000000000097       ,     7.3522367414469249E-006
   315.00000000000102       ,     7.2437089053211858E-006
   316.00000000000102       ,     7.1368397049050463E-006
   317.00000000000108       ,     7.0316000407194688E-006
   318.00000000000108       ,     6.9279614007385451E-006
   319.00000000000108       ,     6.8258958466136717E-006
   320.00000000000114       ,     6.7253760006112217E-006
   321.00000000000114       ,     6.6263750330473086E-006
   322.00000000000114       ,     6.5288666495025149E-006
   323.00000000000119       ,     6.4328250789180865E-006
   324.00000000000119       ,     6.3382250616238422E-006
   325.00000000000125       ,     6.2450418380218999E-006
   326.00000000000125       ,     6.1532511368722633E-006
   327.00000000000125       ,     6.0628291648201194E-006
   328.00000000000131       ,     5.9737525954509133E-006
   329.00000000000131       ,     5.8859985590650831E-006
   330.00000000000136       ,     5.7995446321370332E-006
   331.00000000000136       ,     5.7143688279629972E-006
   332.00000000000136       ,     5.6304495865204844E-006
   333.00000000000142       ,     5.5477657652203631E-006
   334.00000000000142       ,     5.4662966299269344E-006
   335.00000000000148       ,     5.3860218456797153E-006
   336.00000000000148       ,     5.3069214681667269E-006
   337.00000000000148       ,     5.2289759351073359E-006
   338.00000000000153       ,     5.1521660579412641E-006
   339.00000000000153       ,     5.0764730138795385E-006
   340.00000000000153       ,     5.0018783376491144E-006
   341.00000000000159       ,     4.9283639141862002E-006
   342.00000000000159       ,     4.8559119707696366E-006
   343.00000000000165       ,     4.7845050697870962E-006
   344.00000000000165       ,     4.7141261017023132E-006
   345.00000000000165       ,     4.6447582778634816E-006
   346.00000000000171       ,     4.5763851237076548E-006
   347.00000000000171       ,     4.5089904720628605E-006
   348.00000000000176       ,     4.4425584567993125E-006
   349.00000000000176       ,     4.3770735063239387E-006
   350.00000000000176       ,     4.3125203373441810E-006
   351.00000000000182       ,     4.2488839489535794E-006
   352.00000000000182       ,     4.1861496165535911E-006
   353.00000000000188       ,     4.1243028863074418E-006
   354.00000000000188       ,     4.0633295691417735E-006
   355.00000000000188       ,     4.0032157355887854E-006
   356.00000000000193       ,     3.9439477102176173E-006
   357.00000000000193       ,     3.8855120663609273E-006
   358.00000000000199       ,     3.8278956211231708E-006
   359.00000000000199       ,     3.7710854302320265E-006
   360.00000000000199       ,     3.7150687832017715E-006
   361.00000000000205       ,     3.6598331985154928E-006
   362.00000000000205       ,     3.6053664189484077E-006
   363.00000000000205       ,     3.5516564070431866E-006
   364.00000000000210       ,     3.4986913405611297E-006
   365.00000000000210       ,     3.4464596082426465E-006
   366.00000000000216       ,     3.3949498054062955E-006
   367.00000000000216       ,     3.3441507297864362E-006
   368.00000000000216       ,     3.2940513776990686E-006
   369.00000000000222       ,     3.2446409397037164E-006
   370.00000000000222       ,     3.1959087969372969E-006
   371.00000000000227       ,     3.1478445172472584E-006
   372.00000000000227       ,     3.1004378515549012E-006
   373.00000000000227       ,     3.0536787299954830E-006
   374.00000000000233       ,     3.0075572586647654E-006
   375.00000000000233       ,     2.9620637158387741E-006
   376.00000000000239       ,     2.9171885488752020E-006
   377.00000000000239       ,     2.8729223706056528E-006
   378.00000000000239       ,     2.8292559563071880E-006
   379.00000000000244       ,     2.7861802403321602E-006
   380.00000000000244       ,     2.7436863132066874E-006
   381.00000000000244       ,     2.7017654184176832E-006
   382.00000000000250       ,     2.6604089495115462E-006
   383.00000000000250       ,     2.6196084471759611E-006
   384.00000000000256       ,     2.5793555963175430E-006
   385.00000000000256       ,     2.5396422234797613E-006
   386.00000000000256       ,     2.5004602938668026E-006
   387.00000000000261       ,     2.4618019088549866E-006
   388.00000000000261       ,     2.4236593033071901E-006
   389.00000000000267       ,     2.3860248430610390E-006
   390.00000000000267       ,     2.3488910223393632E-006
   391.00000000000267       ,     2.3122504613968960E-006
   392.00000000000273       ,     2.2760959041536658E-006
   393.00000000000273       ,     2.2404202157762036E-006
   394.00000000000279       ,     2.2052163803238895E-006
   395.00000000000279       ,     2.1704774987070215E-006
   396.00000000000279       ,     2.1361967862837797E-006
   397.00000000000284       ,     2.1023675709020662E-006
   398.00000000000284       ,     2.0689832906426148E-006
   399.00000000000290       ,     2.0360374917315584E-006
   400.00000000000290       ,     2.0035238267355640E-006
   401.00000000000290       ,     1.9714360523585268E-006
   402.00000000000296       ,     1.9397680276257970E-006
   403.00000000000296       ,     1.9085137119877835E-006
   404.00000000000296       ,     1.8776671633787337E-006
   405.00000000000301       ,     1.8472225365193162E-006
   406.00000000000301       ,     1.8171740810782966E-006
   407.00000000000307       ,     1.7875161399013367E-006
   408.00000000000307       ,     1.7582431473334842E-006
   409.00000000000307       ,     1.7293496275940852E-006
   410.00000000000313       ,     1.7008301930624850E-006
   411.00000000000313       ,     1.6726795427283433E-006
   412.00000000000318       ,     1.6448924605389168E-006
   413.00000000000318       ,     1.6174638139716365E-006
   414.00000000000318       ,     1.5903885524494781E-006
   415.00000000000324       ,     1.5636617059396476E-006
   416.00000000000324       ,     1.5372783833925048E-006
   417.00000000000330       ,     1.5112337713888350E-006
   418.00000000000330       ,     1.4855231327692078E-006
   419.00000000000330       ,     1.4601418052287444E-006
   420.00000000000335       ,     1.4350851999856086E-006
   421.00000000000335       ,     1.4103488005011793E-006
   422.00000000000335       ,     1.3859281611658134E-006
   423.00000000000341       ,     1.3618189061460431E-006
   424.00000000000341       ,     1.3380167278948504E-006
   425.00000000000347       ,     1.3145173862842408E-006
   426.00000000000347       ,     1.2913167071118043E-006
   427.00000000000347       ,     1.2684105811760331E-006
   428.00000000000352       ,     1.2457949630139920E-006
   429.00000000000352       ,     1.2234658697583022E-006
   430.00000000000358       ,     1.2014193801801085E-006
   431.00000000000358       ,     1.1796516334531022E-006
   432.00000000000358       ,     1.1581588282840738E-006
   433.00000000000364       ,     1.1369372216792648E-006
   434.00000000000364       ,     1.1159831281092376E-006
   435.00000000000369       ,     1.0952929183478418E-006
   436.00000000000369       ,     1.0748630187149349E-006
   437.00000000000369       ,     1.0546899099261854E-006
   438.00000000000375       ,     1.0347701262389021E-006
   439.00000000000375       ,     1.0151002545886713E-006
   440.00000000000381       ,     9.9567693352689443E-007
   441.00000000000381       ,     9.7649685252467963E-007
   442.00000000000381       ,     9.5755675102892731E-007
   443.00000000000387       ,     9.3885341754522285E-007
   444.00000000000387       ,     9.2038368889187924E-007
   445.00000000000387       ,     9.0214444945471100E-007
   446.00000000000392       ,     8.8413263011833297E-007
   447.00000000000392       ,     8.6634520779788148E-007
   448.00000000000398       ,     8.4877920440394523E-007
   449.00000000000398       ,     8.3143168629938491E-007
   450.00000000000398       ,     8.1429976342209671E-007
   451.00000000000404       ,     7.9738058857122015E-007
   452.00000000000404       ,     7.8067135675683597E-007
   453.00000000000409       ,     7.6416930435133662E-007
   454.00000000000409       ,     7.4787170861539828E-007
   455.00000000000409       ,     7.3177588689084256E-007
   456.00000000000415       ,     7.1587919587319093E-007
   457.00000000000415       ,     7.0017903114155249E-007
   458.00000000000421       ,     6.8467282634674827E-007
   459.00000000000421       ,     6.6935805265887462E-007
   460.00000000000421       ,     6.5423221820210280E-007
   461.00000000000426       ,     6.3929286733438545E-007
   462.00000000000426       ,     6.2453758012527063E-007
   463.00000000000426       ,     6.0996397180231611E-007
   464.00000000000432       ,     5.9556969205092396E-007
   465.00000000000432       ,     5.8135242463758685E-007
   466.00000000000438       ,     5.6730988670465743E-007
   467.00000000000438       ,     5.5343982827593932E-007
   468.00000000000438       ,     5.3974003176341401E-007
   469.00000000000443       ,     5.2620831138919609E-007
   470.00000000000443       ,     5.1284251268450695E-007
   471.00000000000449       ,     4.9964051204230363E-007
   472.00000000000449       ,     4.8660021612166894E-007
   473.00000000000449       ,     4.7371956144716535E-007
   474.00000000000455       ,     4.6099651392431683E-007
   475.00000000000455       ,     4.4842906831215272E-007
   476.00000000000460       ,     4.3601524781854837E-007
   477.00000000000460       ,     4.2375310362190445E-007
   478.00000000000455       ,     4.1164071441327261E-007
   479.00000000000455       ,     3.9967618601177802E-007
   480.00000000000449       ,     3.8785765093234397E-007
   481.00000000000449       ,     3.7618326786552496E-007
   482.00000000000443       ,     3.6465122139487539E-007
   483.00000000000443       ,     3.5325972149077414E-007
   484.00000000000438       ,     3.4200700317357580E-007
   485.00000000000438       ,     3.3089132610451260E-007
   486.00000000000432       ,     3.1991097418218911E-007
   487.00000000000432       ,     3.0906425518228156E-007
   488.00000000000426       ,     2.9834950040448111E-007
   489.00000000000421       ,     2.8776506423649338E-007
   490.00000000000421       ,     2.7730932390592478E-007
   491.00000000000415       ,     2.6698067896356753E-007
   492.00000000000415       ,     2.5677755113851076E-007
   493.00000000000409       ,     2.4669838383950046E-007
   494.00000000000409       ,     2.3674164189917747E-007
   495.00000000000404       ,     2.2690581117144917E-007
   496.00000000000404       ,     2.1718939835926517E-007
   497.00000000000398       ,     2.0759093047953733E-007
   498.00000000000398       ,     1.9810895470113799E-007
   499.00000000000392       ,     1.8874203806777046E-007
   500.00000000000392       ,     1.7948876703414904E-007
   501.00000000000387       ,     1.7034774732933596E-007
   502.00000000000381       ,     1.6131760356490645E-007
   503.00000000000381       ,     1.5239697900058955E-007
   504.00000000000375       ,     1.4358453522976873E-007
   505.00000000000375       ,     1.3487895193264866E-007
   506.00000000000369       ,     1.2627892656149728E-007
   507.00000000000369       ,     1.1778317414820257E-007
   508.00000000000364       ,     1.0939042692435132E-007
   509.00000000000364       ,     1.0109943420195612E-007
   510.00000000000358       ,     9.2908961965891197E-008
   511.00000000000358       ,     8.4817792778844901E-008
   512.00000000000352       ,     7.6824725392422460E-008
   513.00000000000352       ,     6.8928574622103465E-008
   514.00000000000341       ,     6.1128171014417190E-008
   515.00000000000341       ,     5.3422360694525759E-008
   516.00000000000341       ,     4.5810005078555049E-008
   517.00000000000341       ,     3.8289980650359025E-008
   518.00000000000330       ,     3.0861178787800586E-008
   519.00000000000330       ,     2.3522505474959997E-008
   520.00000000000330       ,     1.6272881135473346E-008
   521.00000000000330       ,     9.1112404067749469E-009
   522.00000000000318       ,     2.0365319348142018E-009
   523.00000000000318       ,    -4.9522818376211585E-009
   524.00000000000318       ,    -1.1856224911185547E-008
   525.00000000000307       ,    -1.8676307826179052E-008
   526.00000000000307       ,    -2.5413527949154435E-008
   527.00000000000307       ,    -3.2068869660559208E-008
   528.00000000000307       ,    -3.8643304465916231E-008
   529.00000000000296       ,    -4.5137791283936005E-008
   530.00000000000296       ,    -5.1553276576659925E-008
   531.00000000000296       ,    -5.7890694493764946E-008
   532.00000000000296       ,    -6.4150967155995943E-008
   533.00000000000284       ,    -7.0335004692279884E-008
   534.00000000000284       ,    -7.6443705554532269E-008
   535.00000000000284       ,    -8.2477956549118031E-008
   536.00000000000284       ,    -8.8438633128128524E-008
   537.00000000000273       ,    -9.4326599443616350E-008
   538.00000000000273       ,    -1.0014270860691362E-007
   539.00000000000273       ,    -1.0588780274670711E-007
   540.00000000000261       ,    -1.1156271327661573E-007
   541.00000000000261       ,    -1.1716826092196857E-007
   542.00000000000261       ,    -1.2270525600564263E-007
   543.00000000000261       ,    -1.2817449848481016E-007
   544.00000000000250       ,    -1.3357677814519642E-007
   545.00000000000250       ,    -1.3891287474439443E-007
   546.00000000000250       ,    -1.4418355816859902E-007
   547.00000000000250       ,    -1.4938958855050172E-007
   548.00000000000239       ,    -1.5453171638851366E-007
   549.00000000000239       ,    -1.5961068269413662E-007
   550.00000000000239       ,    -1.6462721916819923E-007
   551.00000000000227       ,    -1.6958204829349189E-007
   552.00000000000227       ,    -1.7447588344480046E-007
   553.00000000000227       ,    -1.7930942904326430E-007
   554.00000000000227       ,    -1.8408338070409500E-007
   555.00000000000216       ,    -1.8879842529049135E-007
   556.00000000000216       ,    -1.9345524110120229E-007
   557.00000000000216       ,    -1.9805449797537420E-007
   558.00000000000216       ,    -2.0259685736842649E-007
   559.00000000000205       ,    -2.0708297252383679E-007
   560.00000000000205       ,    -2.1151348855858876E-007
   561.00000000000205       ,    -2.1588904256678628E-007
   562.00000000000193       ,    -2.2021026374806785E-007
   563.00000000000193       ,    -2.2447777350383045E-007
   564.00000000000193       ,    -2.2869218556273730E-007
   565.00000000000193       ,    -2.3285410607582048E-007
   566.00000000000182       ,    -2.3696413369640008E-007
   567.00000000000182       ,    -2.4102285970335352E-007
   568.00000000000182       ,    -2.4503086814071228E-007
   569.00000000000182       ,    -2.4898873585979194E-007
   570.00000000000171       ,    -2.5289703258361955E-007
   571.00000000000171       ,    -2.5675632113713704E-007
   572.00000000000171       ,    -2.6056715742150929E-007
   573.00000000000171       ,    -2.6433009052983250E-007
   574.00000000000159       ,    -2.6804566287615003E-007
   575.00000000000159       ,    -2.7171441027503938E-007
   576.00000000000159       ,    -2.7533686198061780E-007
   577.00000000000148       ,    -2.7891354084703261E-007
   578.00000000000148       ,    -2.8244496337618156E-007
   579.00000000000148       ,    -2.8593163979257454E-007
   580.00000000000148       ,    -2.8937407417354007E-007
   581.00000000000136       ,    -2.9277276447596445E-007
   582.00000000000136       ,    -2.9612820264904136E-007
   583.00000000000136       ,    -2.9944087470780353E-007
   584.00000000000136       ,    -3.0271126082758862E-007
   585.00000000000125       ,    -3.0593983536941080E-007
   586.00000000000125       ,    -3.0912706705989446E-007
   587.00000000000125       ,    -3.1227341892658743E-007
   588.00000000000114       ,    -3.1537934852234084E-007
   589.00000000000114       ,    -3.1844530786950597E-007
   590.00000000000114       ,    -3.2147174360611904E-007
   591.00000000000114       ,    -3.2445909704165193E-007
   592.00000000000102       ,    -3.2740780420729063E-007
   593.00000000000102       ,    -3.3031829597888021E-007
   594.00000000000102       ,    -3.3319099805991017E-007
   595.00000000000102       ,    -3.3602633111845544E-007
   596.00000000000091       ,    -3.3882471085927098E-007
   597.00000000000091       ,    -3.4158654800744944E-007
   598.00000000000091       ,    -3.4431224847978079E-007
   599.00000000000080       ,    -3.4700221334406209E-007
   600.00000000000080       ,    -3.4965683899175264E-007
   601.00000000000080       ,    -3.5227651707737846E-007
   602.00000000000080       ,    -3.5486163469258119E-007
   603.00000000000068       ,    -3.5741257433798376E-007
   604.00000000000068       ,    -3.5992971406923736E-007
   605.00000000000068       ,    -3.6241342744977986E-007
   606.00000000000068       ,    -3.6486408371008481E-007
   607.00000000000057       ,    -3.6728204771317951E-007
   608.00000000000057       ,    -3.6966768010359938E-007
   609.00000000000057       ,    -3.7202133728372962E-007
   610.00000000000057       ,    -3.7434337150460410E-007
   611.00000000000045       ,    -3.7663413092256314E-007
   612.00000000000045       ,    -3.7889395962101866E-007
   613.00000000000045       ,    -3.8112319771365254E-007
   614.00000000000034       ,    -3.8332218133846054E-007
   615.00000000000034       ,    -3.8549124275458020E-007
   616.00000000000034       ,    -3.8763071035033533E-007
   617.00000000000034       ,    -3.8974090874436716E-007
   618.00000000000023       ,    -3.9182215878043452E-007
   619.00000000000023       ,    -3.9387477761986722E-007
   620.00000000000023       ,    -3.9589907872263185E-007
   621.00000000000023       ,    -3.9789537200034355E-007
   622.00000000000011       ,    -3.9986396375587972E-007
   623.00000000000011       ,    -4.0180515678822739E-007
   624.00000000000011       ,    -4.0371925041953467E-007
   625.00000000000000       ,    -4.0560654052278179E-007
   626.00000000000000       ,    -4.0746731962128315E-007
   627.00000000000000       ,    -4.0930187686218062E-007
   628.00000000000000       ,    -4.1111049808953635E-007
   628.99999999999989       ,    -4.1289346590404542E-007
   629.99999999999989       ,    -4.1465105966134130E-007
   630.99999999999989       ,    -4.1638355554836294E-007
   631.99999999999989       ,    -4.1809122661283591E-007
   632.99999999999977       ,    -4.1977434278790722E-007
   633.99999999999977       ,    -4.2143317096139959E-007
   634.99999999999977       ,    -4.2306797496840366E-007
   635.99999999999966       ,    -4.2467901567979353E-007
   636.99999999999966       ,    -4.2626655100634735E-007
   637.99999999999966       ,    -4.2783083594268451E-007
   638.99999999999966       ,    -4.2937212259216376E-007
   639.99999999999955       ,    -4.3089066025914060E-007
   640.99999999999955       ,    -4.3238669537752279E-007
   641.99999999999955       ,    -4.3386047164610446E-007
   642.99999999999955       ,    -4.3531223003638244E-007
   643.99999999999943       ,    -4.3674220877143536E-007
   644.99999999999943       ,    -4.3815064343249676E-007
   645.99999999999943       ,    -4.3953776695617079E-007
   646.99999999999932       ,    -4.4090380966678051E-007
   647.99999999999932       ,    -4.4224899931029390E-007
   648.99999999999932       ,    -4.4357356110098162E-007
   649.99999999999932       ,    -4.4487771772606116E-007
   650.99999999999920       ,    -4.4616168938618927E-007
   651.99999999999920       ,    -4.4742569385041136E-007
   652.99999999999920       ,    -4.4866994644365275E-007
   653.99999999999920       ,    -4.4989466013744510E-007
   654.99999999999909       ,    -4.5110004546690707E-007
   655.99999999999909       ,    -4.5228631070152348E-007
   656.99999999999909       ,    -4.5345366176984243E-007
   657.99999999999909       ,    -4.5460230231606965E-007
   658.99999999999898       ,    -4.5573243375101949E-007
   659.99999999999898       ,    -4.5684425525694637E-007
   660.99999999999898       ,    -4.5793796380056705E-007
   661.99999999999886       ,    -4.5901375419837018E-007
   662.99999999999886       ,    -4.6007181909917818E-007
   663.99999999999886       ,    -4.6111234906134253E-007
   664.99999999999886       ,    -4.6213553253194460E-007
   665.99999999999875       ,    -4.6314155586646804E-007
   666.99999999999875       ,    -4.6413060342284603E-007
   667.99999999999875       ,    -4.6510285749622196E-007
   668.99999999999875       ,    -4.6605849840525199E-007
   669.99999999999864       ,    -4.6699770450106676E-007
   670.99999999999864       ,    -4.6792065216106052E-007
   671.99999999999864       ,    -4.6882751586857070E-007
   672.99999999999852       ,    -4.6971846817478896E-007
   673.99999999999852       ,    -4.7059367976603747E-007
   674.99999999999852       ,    -4.7145331947492060E-007
   675.99999999999852       ,    -4.7229755429003200E-007
   676.99999999999841       ,    -4.7312654937069950E-007
   677.99999999999841       ,    -4.7394046810424283E-007
   678.99999999999841       ,    -4.7473947210093628E-007
   679.99999999999841       ,    -4.7552372121685686E-007
   680.99999999999829       ,    -4.7629337356851824E-007
   681.99999999999829       ,    -4.7704858557361230E-007
   682.99999999999829       ,    -4.7778951195705021E-007
   683.99999999999818       ,    -4.7851630577924852E-007
   684.99999999999818       ,    -4.7922911843259419E-007
   685.99999999999818       ,    -4.7992809968764032E-007
   686.99999999999818       ,    -4.8061339770023610E-007
   687.99999999999807       ,    -4.8128515902844189E-007
   688.99999999999807       ,    -4.8194352867299195E-007
   689.99999999999807       ,    -4.8258865004939098E-007
   690.99999999999807       ,    -4.8322066506095438E-007
   691.99999999999795       ,    -4.8383971405996082E-007
   692.99999999999795       ,    -4.8444593592036233E-007
   693.99999999999795       ,    -4.8503946801987492E-007
   694.99999999999795       ,    -4.8562044627281587E-007
   695.99999999999784       ,    -4.8618900512635501E-007
   696.99999999999784       ,    -4.8674527761367194E-007
   697.99999999999784       ,    -4.8728939533201833E-007
   698.99999999999773       ,    -4.8782148847759734E-007
   699.99999999999773       ,    -4.8834168586884581E-007
   700.99999999999773       ,    -4.8885011494678746E-007
   701.99999999999773       ,    -4.8934690180740526E-007
   702.99999999999761       ,    -4.8983217118516392E-007
   703.99999999999761       ,    -4.9030604651365349E-007
   704.99999999999761       ,    -4.9076864991147894E-007
   705.99999999999761       ,    -4.9122010219635931E-007
   706.99999999999750       ,    -4.9166052290901208E-007
   707.99999999999750       ,    -4.9209003032902419E-007
   708.99999999999750       ,    -4.9250874149207923E-007
   709.99999999999739       ,    -4.9291677217607500E-007
   710.99999999999739       ,    -4.9331423697825220E-007
   711.99999999999739       ,    -4.9370124922744392E-007
   712.99999999999739       ,    -4.9407792111373081E-007
   713.99999999999727       ,    -4.9444436360906918E-007
   714.99999999999727       ,    -4.9480068654058803E-007
   715.99999999999727       ,    -4.9514699858092955E-007
   716.99999999999727       ,    -4.9548340723571499E-007
   717.99999999999716       ,    -4.9581001891553272E-007
   718.99999999999716       ,    -4.9612693889652995E-007
   719.99999999999716       ,    -4.9643427134822630E-007
   720.99999999999704       ,    -4.9673211936546294E-007
   721.99999999999704       ,    -4.9702058494590338E-007
   722.99999999999704       ,    -4.9729976903946887E-007
   723.99999999999704       ,    -4.9756977151814100E-007
   724.99999999999693       ,    -4.9783069124064267E-007
   725.99999999999693       ,    -4.9808262601072462E-007
   726.99999999999693       ,    -4.9832567261876489E-007
   727.99999999999693       ,    -4.9855992685378283E-007
   728.99999999999682       ,    -4.9878548349710242E-007
   729.99999999999682       ,    -4.9900243636090460E-007
   730.99999999999682       ,    -4.9921087826373058E-007
   731.99999999999682       ,    -4.9941090107073549E-007
   732.99999999999670       ,    -4.9960259569165274E-007
   733.99999999999670       ,    -4.9978605208919636E-007
   734.99999999999670       ,    -4.9996135929524974E-007
   735.99999999999659       ,    -5.0012860543017965E-007
   736.99999999999659       ,    -5.0028787769127742E-007
   737.99999999999659       ,    -5.0043926236592620E-007
   738.99999999999659       ,    -5.0058284487668116E-007
   739.99999999999648       ,    -5.0071870974018178E-007
   740.99999999999648       ,    -5.0084694060924820E-007
   741.99999999999648       ,    -5.0096762027644997E-007
   742.99999999999648       ,    -5.0108083066546580E-007
   743.99999999999636       ,    -5.0118665288346249E-007
   744.99999999999636       ,    -5.0128516717789910E-007
   745.99999999999636       ,    -5.0137645298379870E-007
   746.99999999999625       ,    -5.0146058892095146E-007
   747.99999999999625       ,    -5.0153765279215515E-007
   748.99999999999625       ,    -5.0160772160739424E-007
   749.99999999999625       ,    -5.0167087158487509E-007
   750.99999999999613       ,    -5.0172717816787485E-007
   751.99999999999613       ,    -5.0177671601940683E-007
   752.99999999999613       ,    -5.0181955903078818E-007
   753.99999999999613       ,    -5.0185578035055625E-007
   754.99999999999602       ,    -5.0188545238590871E-007
   755.99999999999602       ,    -5.0190864678024677E-007
   756.99999999999602       ,    -5.0192543446520283E-007
   757.99999999999591       ,    -5.0193588564313534E-007
   758.99999999999591       ,    -5.0194006978945418E-007
   759.99999999999591       ,    -5.0193805569032348E-007
   760.99999999999591       ,    -5.0192991140776673E-007
   761.99999999999579       ,    -5.0191570433909716E-007
   762.99999999999579       ,    -5.0189550117385394E-007
   763.99999999999579       ,    -5.0186936793254448E-007
   764.99999999999579       ,    -5.0183736996156910E-007
   765.99999999999568       ,    -5.0179957193498338E-007
   766.99999999999568       ,    -5.0175603789485271E-007
   767.99999999999568       ,    -5.0170683121554299E-007
   768.99999999999568       ,    -5.0165201462114810E-007
   769.99999999999557       ,    -5.0159165022388445E-007
   770.99999999999557       ,    -5.0152579947441317E-007
   771.99999999999557       ,    -5.0145452324064712E-007
   772.99999999999545       ,    -5.0137788174563378E-007
   773.99999999999545       ,    -5.0129593461145629E-007
   774.99999999999545       ,    -5.0120874085307336E-007
   775.99999999999545       ,    -5.0111635890464358E-007
   776.99999999999534       ,    -5.0101884659316607E-007
   777.99999999999534       ,    -5.0091626116502283E-007
   778.99999999999534       ,    -5.0080865930129555E-007
   779.99999999999534       ,    -5.0069609710676983E-007
   780.99999999999523       ,    -5.0057863011053844E-007
   781.99999999999523       ,    -5.0045631329300949E-007
   782.99999999999523       ,    -5.0032920107398658E-007
   783.99999999999511       ,    -5.0019734733097368E-007
   784.99999999999511       ,    -5.0006080540860308E-007
   785.99999999999511       ,    -4.9991962809127555E-007
   786.99999999999511       ,    -4.9977386765404806E-007
   787.99999999999500       ,    -4.9962357584203325E-007
   788.99999999999500       ,    -4.9946880388048202E-007
   789.99999999999500       ,    -4.9930960247347641E-007
   790.99999999999500       ,    -4.9914602182683490E-007
   791.99999999999488       ,    -4.9897811164959276E-007
   792.99999999999488       ,    -4.9880592113341381E-007
   793.99999999999488       ,    -4.9862949898510233E-007
   794.99999999999477       ,    -4.9844889343181536E-007
   795.99999999999477       ,    -4.9826415221096164E-007
   796.99999999999477       ,    -4.9807532258396124E-007
   797.99999999999477       ,    -4.9788245134218565E-007
   798.99999999999466       ,    -4.9768558480791869E-007
   799.99999999999466       ,    -4.9748476884136621E-007
   800.99999999999466       ,    -4.9728004884160254E-007
   801.99999999999466       ,    -4.9707146976313849E-007
   802.99999999999454       ,    -4.9685907610540653E-007
   803.99999999999454       ,    -4.9664291192023296E-007
   804.99999999999454       ,    -4.9642302083528809E-007
   805.99999999999443       ,    -4.9619944603100131E-007
   806.99999999999443       ,    -4.9597223026118934E-007
   807.99999999999443       ,    -4.9574141585348169E-007
   808.99999999999443       ,    -4.9550704472550912E-007
   809.99999999999432       ,    -4.9526915834982660E-007
   810.99999999999432       ,    -4.9502779782378407E-007
   811.99999999999432       ,    -4.9478300380494301E-007
   812.99999999999432       ,    -4.9453481657008438E-007
   813.99999999999420       ,    -4.9428327597779776E-007
   814.99999999999420       ,    -4.9402842150706709E-007
   815.99999999999420       ,    -4.9377029222804632E-007
   816.99999999999420       ,    -4.9350892684708366E-007
   817.99999999999409       ,    -4.9324436365984850E-007
   818.99999999999409       ,    -4.9297664059942018E-007
   819.99999999999409       ,    -4.9270579521600898E-007
   820.99999999999397       ,    -4.9243186469989507E-007
   821.99999999999397       ,    -4.9215488585891741E-007
   822.99999999999397       ,    -4.9187489513749239E-007
   823.99999999999397       ,    -4.9159192863108034E-007
   824.99999999999386       ,    -4.9130602206641510E-007
   825.99999999999386       ,    -4.9101721082235274E-007
   826.99999999999386       ,    -4.9072552992607624E-007
   827.99999999999386       ,    -4.9043101405681659E-007
   828.99999999999375       ,    -4.9013369756265903E-007
   829.99999999999375       ,    -4.8983361443875440E-007
   830.99999999999375       ,    -4.8953079834734105E-007
   831.99999999999363       ,    -4.8922528262655634E-007
   832.99999999999363       ,    -4.8891710027326498E-007
   833.99999999999363       ,    -4.8860628397283692E-007
   834.99999999999363       ,    -4.8829286607333580E-007
   835.99999999999352       ,    -4.8797687861498638E-007
   836.99999999999352       ,    -4.8765835331658017E-007
   837.99999999999352       ,    -4.8733732159166749E-007
   838.99999999999352       ,    -4.8701381453423023E-007
   839.99999999999341       ,    -4.8668786293014091E-007
   840.99999999999341       ,    -4.8635949728401507E-007
   841.99999999999341       ,    -4.8602874777171623E-007
   842.99999999999329       ,    -4.8569564429396441E-007
   843.99999999999329       ,    -4.8536021643868359E-007
   844.99999999999329       ,    -4.8502249352429346E-007
   845.99999999999329       ,    -4.8468250456134605E-007
   846.99999999999318       ,    -4.8434027828112786E-007
   847.99999999999318       ,    -4.8399584313812153E-007
   848.99999999999318       ,    -4.8364922729866982E-007
   849.99999999999318       ,    -4.8330045865994122E-007
   850.99999999999307       ,    -4.8294956483850012E-007
   851.99999999999307       ,    -4.8259657318752103E-007
   852.99999999999307       ,    -4.8224151078289925E-007
   853.99999999999307       ,    -4.8188440443806952E-007
   854.99999999999295       ,    -4.8152528070203909E-007
   855.99999999999295       ,    -4.8116416586715217E-007
   856.99999999999295       ,    -4.8080108596012565E-007
   857.99999999999284       ,    -4.8043606676418185E-007
   858.99999999999284       ,    -4.8006913379353733E-007
   859.99999999999284       ,    -4.7970031232965496E-007
   860.99999999999284       ,    -4.7932962738806551E-007
   861.99999999999272       ,    -4.7895710375251224E-007
   862.99999999999272       ,    -4.7858276595700219E-007
   863.99999999999272       ,    -4.7820663829892817E-007
   864.99999999999272       ,    -4.7782874483204913E-007
   865.99999999999261       ,    -4.7744910937493291E-007
   866.99999999999261       ,    -4.7706775552158159E-007
   867.99999999999261       ,    -4.7668470662267047E-007
   868.99999999999250       ,    -4.7629998580695060E-007
   869.99999999999250       ,    -4.7591361597705098E-007
   870.99999999999250       ,    -4.7552561980805822E-007
   871.99999999999250       ,    -4.7513601973863085E-007
   872.99999999999238       ,    -4.7474483802838545E-007
   873.99999999999238       ,    -4.7435209667288185E-007
   874.99999999999238       ,    -4.7395781747856675E-007
   875.99999999999238       ,    -4.7356202203228004E-007
   876.99999999999227       ,    -4.7316473170801906E-007
   877.99999999999227       ,    -4.7276596766312690E-007
   878.99999999999227       ,    -4.7236575086761180E-007
   879.99999999999216       ,    -4.7196410206042135E-007
   880.99999999999216       ,    -4.7156104180060446E-007
   881.99999999999216       ,    -4.7115659043201228E-007
   882.99999999999216       ,    -4.7075076809887610E-007
   883.99999999999204       ,    -4.7034359475817779E-007
   884.99999999999204       ,    -4.6993509016310770E-007
   885.99999999999204       ,    -4.6952527387105591E-007
   886.99999999999204       ,    -4.6911416525459636E-007
   887.99999999999193       ,    -4.6870178348809105E-007
   888.99999999999193       ,    -4.6828814757053457E-007
   889.99999999999193       ,    -4.6787327630861253E-007
   890.99999999999193       ,    -4.6745718831710795E-007
   891.99999999999181       ,    -4.6703990203371768E-007
   892.99999999999181       ,    -4.6662143572078925E-007
   893.99999999999181       ,    -4.6620180745576023E-007
   894.99999999999170       ,    -4.6578103514213433E-007
   895.99999999999170       ,    -4.6535913650737037E-007
   896.99999999999170       ,    -4.6493612909052227E-007
   897.99999999999170       ,    -4.6451203028629690E-007
   898.99999999999159       ,    -4.6408685729912249E-007
   899.99999999999159       ,    -4.6366062716986574E-007
   900.99999999999159       ,    -4.6323335676636968E-007
   901.99999999999159       ,    -4.6280506280684455E-007
   902.99999999999147       ,    -4.6237576182446938E-007
   903.99999999999147       ,    -4.6194547020826429E-007
   904.99999999999147       ,    -4.6151420417609848E-007
   905.99999999999136       ,    -4.6108197978803168E-007
   906.99999999999136       ,    -4.6064881294796716E-007
   907.99999999999136       ,    -4.6021471940789727E-007
   908.99999999999136       ,    -4.5977971474972398E-007
   909.99999999999125       ,    -4.5934381442199626E-007
   910.99999999999125       ,    -4.5890703370820865E-007
   911.99999999999125       ,    -4.5846938774596964E-007
   912.99999999999125       ,    -4.5803089152662255E-007
   913.99999999999113       ,    -4.5759155988723996E-007
   914.99999999999113       ,    -4.5715140752744954E-007
   915.99999999999113       ,    -4.5671044899173884E-007
   916.99999999999102       ,    -4.5626869868819837E-007
   917.99999999999102       ,    -4.5582617088511402E-007
   918.99999999999102       ,    -4.5538287970765156E-007
   919.99999999999102       ,    -4.5493883913753046E-007
   920.99999999999091       ,    -4.5449406302392493E-007
   921.99999999999091       ,    -4.5404856508255443E-007
   922.99999999999091       ,    -4.5360235888481418E-007
   923.99999999999091       ,    -4.5315545787632938E-007
   924.99999999999079       ,    -4.5270787536343595E-007
   925.99999999999079       ,    -4.5225962452288674E-007
   926.99999999999079       ,    -4.5181071841063710E-007
   927.99999999999068       ,    -4.5136116993898366E-007
   928.99999999999068       ,    -4.5091099190385626E-007
   929.99999999999068       ,    -4.5046019696774361E-007
   930.99999999999068       ,    -4.5000879767379207E-007
   931.99999999999056       ,    -4.4955680643597809E-007
   932.99999999999056       ,    -4.4910423554902450E-007
   933.99999999999056       ,    -4.4865109717818788E-007
   934.99999999999056       ,    -4.4819740339009589E-007
   935.99999999999045       ,    -4.4774316610124183E-007
   936.99999999999045       ,    -4.4728839713380573E-007
   937.99999999999045       ,    -4.4683310817945958E-007
   938.99999999999045       ,    -4.4637731082328859E-007
   939.99999999999034       ,    -4.4592101652849138E-007
   940.99999999999034       ,    -4.4546423664587298E-007
   941.99999999999034       ,    -4.4500698242038732E-007
   942.99999999999022       ,    -4.4454926497138471E-007
   943.99999999999022       ,    -4.4409109532055634E-007
   944.99999999999022       ,    -4.4363248437639748E-007
   945.99999999999022       ,    -4.4317344293217237E-007
   946.99999999999011       ,    -4.4271398168602772E-007
   947.99999999999011       ,    -4.4225411121940405E-007
   948.99999999999011       ,    -4.4179384201151118E-007
   949.99999999999011       ,    -4.4133318443979259E-007
   950.99999999999000       ,    -4.4087214876976561E-007
   951.99999999999000       ,    -4.4041074517689236E-007
   952.99999999999000       ,    -4.3994898372598890E-007
   953.99999999998988       ,    -4.3948687438824323E-007
   954.99999999999000       ,    -4.3902442702041316E-007
   955.99999999999011       ,    -4.3856165140208732E-007
   956.99999999999011       ,    -4.3809855720037141E-007
   957.99999999999022       ,    -4.3763515398599573E-007
   958.99999999999034       ,    -4.3717145123973098E-007
   959.99999999999034       ,    -4.3670745834469883E-007
   960.99999999999045       ,    -4.3624318458803420E-007
   961.99999999999056       ,    -4.3577863916758757E-007
   962.99999999999056       ,    -4.3531383118074632E-007
   963.99999999999068       ,    -4.3484876964668778E-007
   964.99999999999079       ,    -4.3438346348747219E-007
   965.99999999999079       ,    -4.3391792152342993E-007
   966.99999999999091       ,    -4.3345215250974075E-007
   967.99999999999102       ,    -4.3298616508836404E-007
   968.99999999999102       ,    -4.3251996783288993E-007
   969.99999999999113       ,    -4.3205356922532202E-007
   970.99999999999125       ,    -4.3158697765363368E-007
   971.99999999999125       ,    -4.3112020143317545E-007
   972.99999999999136       ,    -4.3065324878948112E-007
   973.99999999999147       ,    -4.3018612785763271E-007
   974.99999999999147       ,    -4.2971884670409900E-007
   975.99999999999159       ,    -4.2925141330753860E-007
   976.99999999999170       ,    -4.2878383556049212E-007
   977.99999999999170       ,    -4.2831612128395247E-007
   978.99999999999181       ,    -4.2784827821066780E-007
   979.99999999999193       ,    -4.2738031400607808E-007
   980.99999999999193       ,    -4.2691223623957232E-007
   981.99999999999204       ,    -4.2644405242820208E-007
   982.99999999999216       ,    -4.2597576998711680E-007
   983.99999999999216       ,    -4.2550739627172736E-007
   984.99999999999227       ,    -4.2503893856083561E-007
   985.99999999999238       ,    -4.2457040405408351E-007
   986.99999999999238       ,    -4.2410179987176769E-007
   987.99999999999250       ,    -4.2363313307481972E-007
   988.99999999999261       ,    -4.2316441064776733E-007
   989.99999999999261       ,    -4.2269563949557600E-007
   990.99999999999272       ,    -4.2222682645657619E-007
   991.99999999999284       ,    -4.2175797830591845E-007
   992.99999999999284       ,    -4.2128910173915441E-007
   993.99999999999295       ,    -4.2082020338772316E-007
   994.99999999999307       ,    -4.2035128980837579E-007
   995.99999999999307       ,    -4.1988236750191629E-007
   996.99999999999318       ,    -4.1941344288951198E-007
   997.99999999999329       ,    -4.1894452233435801E-007
   998.99999999999329       ,    -4.1847561212790329E-007
   999.99999999999341       ,    -4.1800671850236992E-007
   1000.9999999999935       ,    -4.1753784761950597E-007
   1001.9999999999935       ,    -4.1706900557667904E-007
   1002.9999999999936       ,    -4.1660019841446390E-007
   1003.9999999999937       ,    -4.1613143210752365E-007
   1004.9999999999937       ,    -4.1566271256102263E-007
   1005.9999999999939       ,    -4.1519404562985143E-007
   1006.9999999999939       ,    -4.1472543709965610E-007
   1007.9999999999940       ,    -4.1425689269304999E-007
   1008.9999999999941       ,    -4.1378841808950034E-007
   1009.9999999999941       ,    -4.1332001888393458E-007
   1010.9999999999942       ,    -4.1285170063365129E-007
   1011.9999999999943       ,    -4.1238346882626462E-007
   1012.9999999999943       ,    -4.1191532889164669E-007
   1013.9999999999944       ,    -4.1144728620852368E-007
   1014.9999999999945       ,    -4.1097934609517559E-007
   1015.9999999999945       ,    -4.1051151381304720E-007
   1016.9999999999947       ,    -4.1004379456608862E-007
   1017.9999999999948       ,    -4.0957619350622458E-007
   1018.9999999999948       ,    -4.0910871572865505E-007
   1019.9999999999949       ,    -4.0864136627789713E-007
   1020.9999999999950       ,    -4.0817415013888180E-007
   1021.9999999999950       ,    -4.0770707225005605E-007
   1022.9999999999951       ,    -4.0724013748885618E-007
   1023.9999999999952       ,    -4.0677335068892457E-007
   1024.9999999999952       ,    -4.0630671662698601E-007
   1025.9999999999955       ,    -4.0584024003031749E-007
   1026.9999999999955       ,    -4.0537392557109702E-007
   1027.9999999999955       ,    -4.0490777788335809E-007
   1028.9999999999957       ,    -4.0444180153094117E-007
   1029.9999999999957       ,    -4.0397600104605339E-007
   1030.9999999999957       ,    -4.0351038090595382E-007
   1031.9999999999959       ,    -4.0304494553509811E-007
   1032.9999999999959       ,    -4.0257969931980360E-007
   1033.9999999999959       ,    -4.0211464658905626E-007
   1034.9999999999959       ,    -4.0164979162580545E-007
   1035.9999999999961       ,    -4.0118513867556854E-007
   1036.9999999999961       ,    -4.0072069192300727E-007
   1037.9999999999961       ,    -4.0025645551694280E-007
   1038.9999999999964       ,    -3.9979243356055290E-007
   1039.9999999999964       ,    -3.9932863010549766E-007
   1040.9999999999964       ,    -3.9886504916787151E-007
   1041.9999999999966       ,    -3.9840169470686130E-007
   1042.9999999999966       ,    -3.9793857065245024E-007
   1043.9999999999966       ,    -3.9747568087864828E-007
   1044.9999999999968       ,    -3.9701302922255696E-007
   1045.9999999999968       ,    -3.9655061947883409E-007
   1046.9999999999968       ,    -3.9608845540294035E-007
   1047.9999999999970       ,    -3.9562654069507407E-007
   1048.9999999999970       ,    -3.9516487902921381E-007
   1049.9999999999970       ,    -3.9470347403090210E-007
   1050.9999999999973       ,    -3.9424232928371013E-007
   1051.9999999999973       ,    -3.9378144833560645E-007
   1052.9999999999973       ,    -3.9332083469227398E-007
   1053.9999999999975       ,    -3.9286049182018737E-007
   1054.9999999999975       ,    -3.9240042314154767E-007
   1055.9999999999975       ,    -3.9194063204896747E-007
   1056.9999999999977       ,    -3.9148112188850442E-007
   1057.9999999999977       ,    -3.9102189597299856E-007
   1058.9999999999977       ,    -3.9056295757243308E-007
   1059.9999999999980       ,    -3.9010430992562632E-007
   1060.9999999999980       ,    -3.8964595622842318E-007
   1061.9999999999980       ,    -3.8918789964609075E-007
   1062.9999999999982       ,    -3.8873014329628276E-007
   1063.9999999999982       ,    -3.8827269027385638E-007
   1064.9999999999982       ,    -3.8781554363290261E-007
   1065.9999999999984       ,    -3.8735870638740583E-007
   1066.9999999999984       ,    -3.8690218151919840E-007
   1067.9999999999984       ,    -3.8644597197984524E-007
   1068.9999999999986       ,    -3.8599008067846312E-007
   1069.9999999999986       ,    -3.8553451049272800E-007
   1070.9999999999986       ,    -3.8507926427119177E-007
   1071.9999999999989       ,    -3.8462434482496863E-007
   1072.9999999999989       ,    -3.8416975493030157E-007
   1073.9999999999989       ,    -3.8371549733185842E-007
   1074.9999999999991       ,    -3.8326157474192606E-007
   1075.9999999999991       ,    -3.8280798984226890E-007
   1076.9999999999991       ,    -3.8235474527908638E-007
   1077.9999999999993       ,    -3.8190184367002875E-007
   1078.9999999999993       ,    -3.8144928759528832E-007
   1079.9999999999993       ,    -3.8099707961169159E-007
   1080.9999999999995       ,    -3.8054522224373890E-007
   1081.9999999999995       ,    -3.8009371798077944E-007
   1082.9999999999995       ,    -3.7964256928145648E-007
   1083.9999999999998       ,    -3.7919177858268311E-007
   1084.9999999999998       ,    -3.7874134828254016E-007
   1085.9999999999998       ,    -3.7829128075152545E-007
   1087.0000000000000       ,    -3.7784157833630973E-007
   1088.0000000000000       ,    -3.7739224334854676E-007
   1089.0000000000000       ,    -3.7694327807408062E-007
   1090.0000000000002       ,    -3.7649468476853719E-007
   1091.0000000000002       ,    -3.7604646565827422E-007
   1092.0000000000002       ,    -3.7559862294946044E-007
   1093.0000000000005       ,    -3.7515115881032411E-007
   1094.0000000000005       ,    -3.7470407538601959E-007
   1095.0000000000005       ,    -3.7425737479718121E-007
   1096.0000000000007       ,    -3.7381105913313236E-007
   1097.0000000000007       ,    -3.7336513046098384E-007
   1098.0000000000007       ,    -3.7291959081259267E-007
   1099.0000000000009       ,    -3.7247444220747730E-007
   1100.0000000000009       ,    -3.7202968662539868E-007
   1101.0000000000009       ,    -3.7158532603127319E-007
   1102.0000000000011       ,    -3.7114136235538870E-007
   1103.0000000000011       ,    -3.7069779751325348E-007
   1104.0000000000011       ,    -3.7025463338228042E-007
   1105.0000000000014       ,    -3.6981187182464958E-007
   1106.0000000000014       ,    -3.6936951467747062E-007
   1107.0000000000014       ,    -3.6892756375043700E-007
   1108.0000000000016       ,    -3.6848602082920222E-007
   1109.0000000000016       ,    -3.6804488767810392E-007
   1110.0000000000016       ,    -3.6760416603412966E-007
   1111.0000000000018       ,    -3.6716385761396212E-007
   1112.0000000000018       ,    -3.6672396411159497E-007
   1113.0000000000018       ,    -3.6628448719321096E-007
   1114.0000000000020       ,    -3.6584542850788328E-007
   1115.0000000000020       ,    -3.6540678967992662E-007
   1116.0000000000020       ,    -3.6496857230689467E-007
   1117.0000000000023       ,    -3.6453077797153018E-007
   1118.0000000000023       ,    -3.6409340823218523E-007
   1119.0000000000023       ,    -3.6365646462131598E-007
   1120.0000000000025       ,    -3.6321994865371649E-007
   1121.0000000000025       ,    -3.6278386182198841E-007
   1122.0000000000025       ,    -3.6234820560125931E-007
   1123.0000000000027       ,    -3.6191298143530855E-007
   1124.0000000000027       ,    -3.6147819076162273E-007
   1125.0000000000027       ,    -3.6104383498346676E-007
   1126.0000000000030       ,    -3.6060991549331718E-007
   1127.0000000000030       ,    -3.6017643365427585E-007
   1128.0000000000030       ,    -3.5974339081673943E-007
   1129.0000000000032       ,    -3.5931078831619179E-007
   1130.0000000000032       ,    -3.5887862745118067E-007
   1131.0000000000032       ,    -3.5844690951612247E-007
   1132.0000000000034       ,    -3.5801563578373382E-007
   1133.0000000000034       ,    -3.5758480749660988E-007
   1134.0000000000034       ,    -3.5715442589800893E-007
   1135.0000000000036       ,    -3.5672449218955922E-007
   1136.0000000000036       ,    -3.5629500757328347E-007
   1137.0000000000036       ,    -3.5586597322261267E-007
   1138.0000000000039       ,    -3.5543739029803772E-007
   1139.0000000000039       ,    -3.5500925993660082E-007
   1140.0000000000039       ,    -3.5458158326099628E-007
   1141.0000000000041       ,    -3.5415436137689591E-007
   1142.0000000000041       ,    -3.5372759536843539E-007
   1143.0000000000041       ,    -3.5330128630494570E-007
   1144.0000000000043       ,    -3.5287543524010745E-007
   1145.0000000000043       ,    -3.5245004320691491E-007
   1146.0000000000043       ,    -3.5202511122328345E-007
   1147.0000000000045       ,    -3.5160064029293453E-007
   1148.0000000000045       ,    -3.5117663139677390E-007
   1149.0000000000045       ,    -3.5075308550316257E-007
   1150.0000000000045       ,    -3.5033000356533827E-007
   1151.0000000000048       ,    -3.4990738651623062E-007
   1152.0000000000048       ,    -3.4948523527762343E-007
   1153.0000000000048       ,    -3.4906355075154855E-007
   1154.0000000000050       ,    -3.4864233382707052E-007
   1155.0000000000050       ,    -3.4822158537468456E-007
   1156.0000000000050       ,    -3.4780130625133585E-007
   1157.0000000000052       ,    -3.4738149730011860E-007
   1158.0000000000052       ,    -3.4696215934594274E-007
   1159.0000000000052       ,    -3.4654329319907795E-007
   1160.0000000000055       ,    -3.4612489965649444E-007
   1161.0000000000055       ,    -3.4570697950340136E-007
   1162.0000000000055       ,    -3.4528953350210736E-007
   1163.0000000000057       ,    -3.4487256240768852E-007
   1164.0000000000057       ,    -3.4445606695624252E-007
   1165.0000000000057       ,    -3.4404004787371143E-007
   1166.0000000000059       ,    -3.4362450587028393E-007
   1167.0000000000059       ,    -3.4320944164254686E-007
   1168.0000000000059       ,    -3.4279485586895151E-007
   1169.0000000000061       ,    -3.4238074922462021E-007
   1170.0000000000061       ,    -3.4196712235970204E-007
   1171.0000000000061       ,    -3.4155397591721895E-007
   1172.0000000000064       ,    -3.4114131052649173E-007
   1173.0000000000064       ,    -3.4072912680308476E-007
   1174.0000000000064       ,    -3.4031742534846766E-007
   1175.0000000000066       ,    -3.3990620675013326E-007
   1176.0000000000066       ,    -3.3949547158767604E-007
   1177.0000000000066       ,    -3.3908522042487371E-007
   1178.0000000000068       ,    -3.3867545381086637E-007
   1179.0000000000068       ,    -3.3826617228724693E-007
   1180.0000000000068       ,    -3.3785737637825812E-007
   1181.0000000000070       ,    -3.3744906660021961E-007
   1182.0000000000070       ,    -3.3704124345483357E-007
   1183.0000000000070       ,    -3.3663390743216325E-007
   1184.0000000000073       ,    -3.3622705901166916E-007
   1185.0000000000073       ,    -3.3582069865799154E-007
   1186.0000000000073       ,    -3.3541482683048372E-007
   1187.0000000000075       ,    -3.3500944396916453E-007
   1188.0000000000075       ,    -3.3460455050757616E-007
   1189.0000000000075       ,    -3.3420014686731384E-007
   1190.0000000000077       ,    -3.3379623345743456E-007
   1191.0000000000077       ,    -3.3339281067586530E-007
   1192.0000000000077       ,    -3.3298987891230891E-007
   1193.0000000000080       ,    -3.3258743854240772E-007
   1194.0000000000080       ,    -3.3218548993256078E-007
   1195.0000000000080       ,    -3.3178403343771866E-007
   1196.0000000000082       ,    -3.3138306940204081E-007
   1197.0000000000082       ,    -3.3098259816352402E-007
   1198.0000000000082       ,    -3.3058262004334814E-007
   1199.0000000000084       ,    -3.3018313535458064E-007
   1200.0000000000084       ,    -3.2978414440133282E-007
   1201.0000000000084       ,    -3.2938564747998355E-007
   1202.0000000000086       ,    -3.2898764487156071E-007
   1203.0000000000086       ,    -3.2859013684985385E-007
   1204.0000000000086       ,    -3.2819312367908339E-007
   1205.0000000000089       ,    -3.2779660561508132E-007
   1206.0000000000089       ,    -3.2740058289938935E-007
   1207.0000000000089       ,    -3.2700505576979098E-007
   1208.0000000000091       ,    -3.2661002445127186E-007
   1209.0000000000091       ,    -3.2621548915944777E-007
   1210.0000000000091       ,    -3.2582145010246489E-007
   1211.0000000000093       ,    -3.2542790747873821E-007
   1212.0000000000093       ,    -3.2503486147770821E-007
   1213.0000000000093       ,    -3.2464231227633089E-007
   1214.0000000000095       ,    -3.2425026005108561E-007
   1215.0000000000095       ,    -3.2385870495722458E-007
   1216.0000000000095       ,    -3.2346764715700270E-007
   1217.0000000000098       ,    -3.2307708678939873E-007
   1218.0000000000098       ,    -3.2268702399276231E-007
   1219.0000000000098       ,    -3.2229745889437236E-007
   1220.0000000000100       ,    -3.2190839161619512E-007
   1221.0000000000100       ,    -3.2151982226734644E-007
   1222.0000000000100       ,    -3.2113175095294236E-007
   1223.0000000000102       ,    -3.2074417776747348E-007
   1224.0000000000102       ,    -3.2035710279868146E-007
   1225.0000000000102       ,    -3.1997052612425727E-007
   1226.0000000000105       ,    -3.1958444781467141E-007
   1227.0000000000105       ,    -3.1919886793830204E-007
   1228.0000000000105       ,    -3.1881378654612137E-007
   1229.0000000000107       ,    -3.1842920368873429E-007
   1230.0000000000107       ,    -3.1804511940378457E-007
   1231.0000000000107       ,    -3.1766153372932311E-007
   1232.0000000000109       ,    -3.1727844668429004E-007
   1233.0000000000109       ,    -3.1689585829242907E-007
   1234.0000000000109       ,    -3.1651376856408024E-007
   1235.0000000000111       ,    -3.1613217749844731E-007
   1236.0000000000111       ,    -3.1575108509843483E-007
   1237.0000000000111       ,    -3.1537049134883726E-007
   1238.0000000000114       ,    -3.1499039623360914E-007
   1239.0000000000114       ,    -3.1461079973036112E-007
   1240.0000000000114       ,    -3.1423170180548313E-007
   1241.0000000000116       ,    -3.1385310242235455E-007
   1242.0000000000116       ,    -3.1347500153501470E-007
   1243.0000000000116       ,    -3.1309739909168582E-007
   1244.0000000000118       ,    -3.1272029503776213E-007
   1245.0000000000118       ,    -3.1234368930422479E-007
   1246.0000000000118       ,    -3.1196758182370404E-007
   1247.0000000000121       ,    -3.1159197251574243E-007
   1248.0000000000121       ,    -3.1121686130090131E-007
   1249.0000000000121       ,    -3.1084224808518420E-007
   1250.0000000000123       ,    -3.1046813277579208E-007
   1251.0000000000123       ,    -3.1009451526860020E-007
   1252.0000000000123       ,    -3.0972139545501279E-007
   1253.0000000000125       ,    -3.0934877322338657E-007
   1254.0000000000125       ,    -3.0897664844930547E-007
   1255.0000000000125       ,    -3.0860502100942197E-007
   1256.0000000000127       ,    -3.0823389077354678E-007
   1257.0000000000127       ,    -3.0786325760026140E-007
   1258.0000000000127       ,    -3.0749312134858143E-007
   1259.0000000000130       ,    -3.0712348186776798E-007
   1260.0000000000130       ,    -3.0675433900363582E-007
   1261.0000000000130       ,    -3.0638569259796791E-007
   1262.0000000000132       ,    -3.0601754248261085E-007
   1263.0000000000132       ,    -3.0564988848877560E-007
   1264.0000000000132       ,    -3.0528273043762994E-007
   1265.0000000000132       ,    -3.0491606814942745E-007
   1266.0000000000134       ,    -3.0454990143696865E-007
   1267.0000000000134       ,    -3.0418423010644076E-007
   1268.0000000000134       ,    -3.0381905396342611E-007
   1269.0000000000136       ,    -3.0345437280133495E-007
   1270.0000000000136       ,    -3.0309018641896429E-007
   1271.0000000000136       ,    -3.0272649459880348E-007
   1272.0000000000139       ,    -3.0236329712458601E-007
   1273.0000000000139       ,    -3.0200059377597536E-007
   1274.0000000000139       ,    -3.0163838432362419E-007
   1275.0000000000141       ,    -3.0127666853838154E-007
   1276.0000000000141       ,    -3.0091544618032079E-007
   1277.0000000000141       ,    -3.0055471701076318E-007
   1278.0000000000143       ,    -3.0019448078485775E-007
   1279.0000000000143       ,    -2.9983473724985088E-007
   1280.0000000000143       ,    -2.9947548615193486E-007
   1281.0000000000146       ,    -2.9911672723416224E-007
   1282.0000000000146       ,    -2.9875846022771357E-007
   1283.0000000000146       ,    -2.9840068486691743E-007
   1284.0000000000148       ,    -2.9804340088017781E-007
   1285.0000000000148       ,    -2.9768660799045907E-007
   1286.0000000000148       ,    -2.9733030591686650E-007
   1287.0000000000150       ,    -2.9697449437401660E-007
   1288.0000000000150       ,    -2.9661917307217497E-007
   1289.0000000000150       ,    -2.9626434171799945E-007
   1290.0000000000152       ,    -2.9591000001229146E-007
   1291.0000000000152       ,    -2.9555614765790069E-007
   1292.0000000000152       ,    -2.9520278434600786E-007
   1293.0000000000155       ,    -2.9484990976966248E-007
   1294.0000000000155       ,    -2.9449752361321687E-007
   1295.0000000000155       ,    -2.9414562555897391E-007
   1296.0000000000157       ,    -2.9379421529085733E-007
   1297.0000000000157       ,    -2.9344329247798534E-007
   1298.0000000000157       ,    -2.9309285679668348E-007
   1299.0000000000159       ,    -2.9274290791312812E-007
   1300.0000000000159       ,    -2.9239344549315311E-007
   1301.0000000000159       ,    -2.9204446919418593E-007
   1302.0000000000161       ,    -2.9169597867728561E-007
   1303.0000000000161       ,    -2.9134797359349267E-007
   1304.0000000000161       ,    -2.9100045359443597E-007
   1305.0000000000164       ,    -2.9065341832674570E-007
   1306.0000000000164       ,    -2.9030686743303959E-007
   1307.0000000000164       ,    -2.8996080055447288E-007
   1308.0000000000166       ,    -2.8961521732946255E-007
   1309.0000000000166       ,    -2.8927011738726510E-007
   1310.0000000000166       ,    -2.8892550036182014E-007
   1311.0000000000168       ,    -2.8858136587742304E-007
   1312.0000000000168       ,    -2.8823771356148936E-007
   1313.0000000000168       ,    -2.8789454303196118E-007
   1314.0000000000171       ,    -2.8755185390740258E-007
   1315.0000000000171       ,    -2.8720964580287656E-007
   1316.0000000000171       ,    -2.8686791832803277E-007
   1317.0000000000173       ,    -2.8652667109523965E-007
   1318.0000000000173       ,    -2.8618590370782992E-007
   1319.0000000000173       ,    -2.8584561576852851E-007
   1320.0000000000175       ,    -2.8550580687903142E-007
   1321.0000000000175       ,    -2.8516647663319777E-007
   1322.0000000000175       ,    -2.8482762462842110E-007
   1323.0000000000177       ,    -2.8448925045443557E-007
   1324.0000000000177       ,    -2.8415135370174604E-007
   1325.0000000000177       ,    -2.8381393395500961E-007
   1326.0000000000180       ,    -2.8347699079746996E-007
   1327.0000000000180       ,    -2.8314052381044501E-007
   1328.0000000000180       ,    -2.8280453257167968E-007
   1329.0000000000182       ,    -2.8246901665880718E-007
   1330.0000000000182       ,    -2.8213397564202029E-007
   1331.0000000000182       ,    -2.8179940909348281E-007
   1332.0000000000184       ,    -2.8146531658081827E-007
   1333.0000000000184       ,    -2.8113169766897433E-007
   1334.0000000000184       ,    -2.8079855192179828E-007
   1335.0000000000186       ,    -2.8046587889957991E-007
   1336.0000000000186       ,    -2.8013367816007388E-007
   1337.0000000000186       ,    -2.7980194926229697E-007
   1338.0000000000189       ,    -2.7947069175623257E-007
   1339.0000000000189       ,    -2.7913990519637217E-007
   1340.0000000000189       ,    -2.7880958913000943E-007
   1341.0000000000191       ,    -2.7847974310504099E-007
   1342.0000000000191       ,    -2.7815036666476643E-007
   1343.0000000000191       ,    -2.7782145935462869E-007
   1344.0000000000193       ,    -2.7749302071392889E-007
   1345.0000000000193       ,    -2.7716505028063899E-007
   1346.0000000000193       ,    -2.7683754759021328E-007
   1347.0000000000196       ,    -2.7651051217961030E-007
   1348.0000000000196       ,    -2.7618394358024233E-007
   1349.0000000000196       ,    -2.7585784131926402E-007
   1350.0000000000198       ,    -2.7553220492917040E-007
   1351.0000000000198       ,    -2.7520703393385194E-007
   1352.0000000000198       ,    -2.7488232785853884E-007
   1353.0000000000200       ,    -2.7455808622667759E-007
   1354.0000000000200       ,    -2.7423430855739003E-007
   1355.0000000000200       ,    -2.7391099437064166E-007
   1356.0000000000202       ,    -2.7358814318318357E-007
   1357.0000000000202       ,    -2.7326575450983582E-007
   1358.0000000000202       ,    -2.7294382786401831E-007
   1359.0000000000205       ,    -2.7262236275879510E-007
   1360.0000000000205       ,    -2.7230135870325146E-007
   1361.0000000000205       ,    -2.7198081520622078E-007
   1362.0000000000207       ,    -2.7166073177350248E-007
   1363.0000000000207       ,    -2.7134110790983873E-007
   1364.0000000000207       ,    -2.7102194311947088E-007
   1365.0000000000209       ,    -2.7070323690451064E-007
   1366.0000000000209       ,    -2.7038498876519956E-007
   1367.0000000000209       ,    -2.7006719819978361E-007
   1368.0000000000211       ,    -2.6974986470360954E-007
   1369.0000000000211       ,    -2.6943298777505540E-007
   1370.0000000000211       ,    -2.6911656690797358E-007
   1371.0000000000214       ,    -2.6880060159403012E-007
   1372.0000000000214       ,    -2.6848509132425032E-007
   1373.0000000000214       ,    -2.6817003558839484E-007
   1374.0000000000216       ,    -2.6785543387733118E-007
   1375.0000000000216       ,    -2.6754128567689783E-007
   1376.0000000000216       ,    -2.6722759046867930E-007
   1377.0000000000216       ,    -2.6691434774369344E-007
   1378.0000000000218       ,    -2.6660155697934277E-007
   1379.0000000000218       ,    -2.6628921766192295E-007
   1380.0000000000218       ,    -2.6597732926994189E-007
   1381.0000000000221       ,    -2.6566589128198700E-007
   1382.0000000000221       ,    -2.6535490317512695E-007
   1383.0000000000221       ,    -2.6504436442933961E-007
   1384.0000000000223       ,    -2.6473427451788257E-007
   1385.0000000000223       ,    -2.6442463291414279E-007
   1386.0000000000223       ,    -2.6411543909417893E-007
   1387.0000000000225       ,    -2.6380669253057820E-007
   1388.0000000000225       ,    -2.6349839269031898E-007
   1389.0000000000225       ,    -2.6319053904515486E-007
   1390.0000000000227       ,    -2.6288313106569615E-007
   1391.0000000000227       ,    -2.6257616821731693E-007
   1392.0000000000227       ,    -2.6226964996791982E-007
   1393.0000000000230       ,    -2.6196357578285522E-007
   1394.0000000000230       ,    -2.6165794512622478E-007
   1395.0000000000230       ,    -2.6135275746408325E-007
   1396.0000000000232       ,    -2.6104801225424330E-007
   1397.0000000000232       ,    -2.6074370896338774E-007
   1398.0000000000232       ,    -2.6043984705148319E-007
   1399.0000000000234       ,    -2.6013642597579572E-007
   1400.0000000000234       ,    -2.5983344519724932E-007
   1401.0000000000234       ,    -2.5953090417240773E-007
   1402.0000000000236       ,    -2.5922880236066432E-007
   1403.0000000000236       ,    -2.5892713921750747E-007
   1404.0000000000236       ,    -2.5862591419762436E-007
   1405.0000000000239       ,    -2.5832512675565150E-007
   1406.0000000000239       ,    -2.5802477634854754E-007
   1407.0000000000239       ,    -2.5772486242579114E-007
   1408.0000000000241       ,    -2.5742538444009802E-007
   1409.0000000000241       ,    -2.5712634184514077E-007
   1410.0000000000241       ,    -2.5682773409033050E-007
   1411.0000000000243       ,    -2.5652956062496084E-007
   1412.0000000000243       ,    -2.5623182090134666E-007
   1413.0000000000243       ,    -2.5593451436334358E-007
   1414.0000000000246       ,    -2.5563764046586647E-007
   1415.0000000000246       ,    -2.5534119864914076E-007
   1416.0000000000246       ,    -2.5504518836411671E-007
   1417.0000000000248       ,    -2.5474960905437982E-007
   1418.0000000000248       ,    -2.5445446016873689E-007
   1419.0000000000248       ,    -2.5415974114786724E-007
   1420.0000000000250       ,    -2.5386545143926668E-007
   1421.0000000000250       ,    -2.5357159048472319E-007
   1422.0000000000250       ,    -2.5327815772816451E-007
   1423.0000000000252       ,    -2.5298515261142828E-007
   1424.0000000000252       ,    -2.5269257457703637E-007
   1425.0000000000252       ,    -2.5240042306763951E-007
   1426.0000000000255       ,    -2.5210869752152330E-007
   1427.0000000000255       ,    -2.5181739738002199E-007
   1428.0000000000255       ,    -2.5152652208384187E-007
   1429.0000000000257       ,    -2.5123607107263118E-007
   1430.0000000000257       ,    -2.5094604378498567E-007
   1431.0000000000257       ,    -2.5065643965809727E-007
   1432.0000000000259       ,    -2.5036725813153923E-007
   1433.0000000000259       ,    -2.5007849864305029E-007
   1434.0000000000259       ,    -2.4979016063005949E-007
   1435.0000000000261       ,    -2.4950224352835241E-007
   1436.0000000000261       ,    -2.4921474677480571E-007
   1437.0000000000261       ,    -2.4892766980617648E-007
   1438.0000000000264       ,    -2.4864101205708806E-007
   1439.0000000000264       ,    -2.4835477296491650E-007
   1440.0000000000264       ,    -2.4806895196295436E-007
   1441.0000000000266       ,    -2.4778354848739771E-007
   1442.0000000000266       ,    -2.4749856197079942E-007
   1443.0000000000266       ,    -2.4721399184760101E-007
   1444.0000000000268       ,    -2.4692983755258147E-007
   1445.0000000000268       ,    -2.4664609851987217E-007
   1446.0000000000268       ,    -2.4636277418080569E-007
   1447.0000000000271       ,    -2.4607986397066304E-007
   1448.0000000000271       ,    -2.4579736732039960E-007
   1449.0000000000271       ,    -2.4551528366257017E-007
   1450.0000000000273       ,    -2.4523361242982698E-007
   1451.0000000000273       ,    -2.4495235305441482E-007
   1452.0000000000273       ,    -2.4467150496876798E-007
   1453.0000000000275       ,    -2.4439106760486489E-007
   1454.0000000000275       ,    -2.4411104039167978E-007
   1455.0000000000275       ,    -2.4383142276321576E-007
   1456.0000000000277       ,    -2.4355221414853233E-007
   1457.0000000000277       ,    -2.4327341398047211E-007
   1458.0000000000277       ,    -2.4299502168904297E-007
   1459.0000000000280       ,    -2.4271703670524920E-007
   1460.0000000000280       ,    -2.4243945845831368E-007
   1461.0000000000280       ,    -2.4216228637991405E-007
   1462.0000000000282       ,    -2.4188551990130902E-007
   1463.0000000000282       ,    -2.4160915845042091E-007
   1464.0000000000282       ,    -2.4133320145979243E-007
   1465.0000000000284       ,    -2.4105764835745850E-007
   1466.0000000000284       ,    -2.4078249857450266E-007
   1467.0000000000284       ,    -2.4050775154246200E-007
   1468.0000000000286       ,    -2.4023340668828372E-007
   1469.0000000000286       ,    -2.3995946344287170E-007
   1470.0000000000286       ,    -2.3968592123559853E-007
   1471.0000000000289       ,    -2.3941277949842634E-007
   1472.0000000000289       ,    -2.3914003765818328E-007
   1473.0000000000289       ,    -2.3886769514774232E-007
   1474.0000000000291       ,    -2.3859575139514232E-007
   1475.0000000000291       ,    -2.3832420582933437E-007
   1476.0000000000291       ,    -2.3805305788148515E-007
   1477.0000000000293       ,    -2.3778230698041901E-007
   1478.0000000000293       ,    -2.3751195255746947E-007
   1479.0000000000293       ,    -2.3724199404111263E-007
   1480.0000000000296       ,    -2.3697243086221814E-007
   1481.0000000000296       ,    -2.3670326245050024E-007
   1482.0000000000296       ,    -2.3643448823589302E-007
   1483.0000000000298       ,    -2.3616610764768731E-007
   1484.0000000000298       ,    -2.3589812011778557E-007
   1485.0000000000298       ,    -2.3563052507506363E-007
   1486.0000000000300       ,    -2.3536332195140280E-007
   1487.0000000000300       ,    -2.3509651017574687E-007
   1488.0000000000300       ,    -2.3483008917993775E-007
   1489.0000000000302       ,    -2.3456405839409887E-007
   1490.0000000000302       ,    -2.3429841725000800E-007
   1491.0000000000302       ,    -2.3403316517636820E-007
   1492.0000000000302       ,    -2.3376830160635093E-007
   1493.0000000000305       ,    -2.3350382597075693E-007
   1494.0000000000305       ,    -2.3323973770149685E-007
   1495.0000000000305       ,    -2.3297603622899648E-007
   1496.0000000000307       ,    -2.3271272098528640E-007
   1497.0000000000307       ,    -2.3244979140354611E-007
   1498.0000000000307       ,    -2.3218724691409133E-007
   1499.0000000000309       ,    -2.3192508695039003E-007
   1500.0000000000309       ,    -2.3166331094419508E-007
